order_id,order_date,category,region,sales,quantity,discount,lead_time,cost,profit,current_stock
ORD-1000,2023-04-13,Furniture,Central,2054.3,11,0.3,1,1587.6223088265692,-149.61230882656912,80
ORD-1001,2023-12-15,Furniture,West,4620.85,11,0.0,2,2573.9919529531376,2046.8580470468628,33
ORD-1002,2023-09-28,Electronics,Central,2413.1,10,0.3,6,1801.0776243904068,-111.9076243904068,7
ORD-1003,2023-04-17,Office Supplies,East,165.67,9,0.3,4,109.90369892489576,6.06530107510423,94
ORD-1004,2023-03-13,Office Supplies,North,1485.45,4,0.1,6,777.420590115854,559.4844098841461,61
ORD-1005,2023-07-08,Technology,East,318.52,4,0.2,9,250.558807381056,4.257192618943982,34
ORD-1006,2023-01-21,Office Supplies,East,277.81,12,0.0,10,159.4874845406053,118.32251545939471,13
ORD-1007,2023-04-13,Electronics,South,1451.03,7,0.1,10,1099.7263556400978,206.20064435990213,30
ORD-1008,2023-05-02,Furniture,South,1450.5,2,0.0,8,798.7076740171532,651.7923259828468,6
ORD-1009,2023-08-03,Office Supplies,South,3956.92,8,0.3,1,2992.1551007614225,-222.3111007614225,66
ORD-1010,2023-11-27,Technology,South,4876.69,6,0.0,8,2457.6988458821356,2418.991154117864,7
ORD-1011,2023-03-29,Office Supplies,Central,1918.91,3,0.2,9,1254.073190774723,281.05480922527715,50
ORD-1012,2023-04-10,Electronics,West,2201.55,9,0.3,6,1608.9648932176588,-67.8798932176586,72
ORD-1013,2023-12-26,Technology,North,4239.47,5,0.3,10,3308.6462657635393,-341.01726576353917,29
ORD-1014,2023-06-01,Office Supplies,East,1413.88,8,0.1,5,1092.5908149018885,179.9011850981116,55
ORD-1015,2023-05-11,Technology,Central,866.27,7,0.2,6,646.1399307229115,46.876069277088504,17
ORD-1016,2023-05-30,Electronics,North,4280.14,14,0.3,6,3280.5449970018003,-284.4469970018001,48
ORD-1017,2023-11-05,Furniture,Central,327.85,8,0.2,9,183.51925220050566,78.76074779949435,39
ORD-1018,2023-09-15,Electronics,Central,3136.53,7,0.0,4,1835.6707707086127,1300.8592292913875,59
ORD-1019,2023-12-10,Electronics,East,2853.76,3,0.2,2,1674.2740453036163,608.7339546963839,91
ORD-1020,2023-10-21,Electronics,West,1795.01,2,0.3,11,1100.5496730062077,155.95732699379232,13
ORD-1021,2023-07-11,Electronics,South,1644.43,7,0.1,11,1016.2514930004548,463.73550699954524,6
ORD-1022,2023-10-04,Furniture,West,3882.1,3,0.3,9,2575.255467752575,142.21453224742504,65
ORD-1023,2023-06-10,Furniture,East,523.48,3,0.2,2,286.84815755811945,131.93584244188054,45
ORD-1024,2023-11-10,Technology,East,1260.24,2,0.2,10,891.4610086708966,116.7309913291034,48
ORD-1025,2023-01-22,Office Supplies,East,3689.0,4,0.3,9,2029.9458890482972,552.3541109517028,68
ORD-1026,2023-09-10,Furniture,North,2786.77,8,0.2,2,1652.8125106023472,576.6034893976528,35
ORD-1027,2023-08-24,Furniture,West,727.14,12,0.0,8,473.3707134806877,253.7692865193123,51
ORD-1028,2023-12-11,Office Supplies,West,4422.46,1,0.3,9,3267.8979577145356,-172.17595771453557,6
ORD-1029,2023-02-18,Furniture,Central,2027.89,1,0.1,10,1463.813679017745,361.2873209822551,86
ORD-1030,2023-02-28,Electronics,Central,4156.56,12,0.3,9,2883.240685344517,26.35131465548352,81
ORD-1031,2023-06-19,Electronics,Central,3959.79,14,0.0,10,2164.9438198538255,1794.8461801461744,73
ORD-1032,2023-07-07,Office Supplies,East,3159.68,5,0.0,9,2098.3864712903883,1061.2935287096116,62
ORD-1033,2023-09-28,Technology,West,2522.96,11,0.0,2,1327.6672078543118,1195.2927921456883,48
ORD-1034,2023-07-09,Technology,East,4899.8,5,0.0,4,3004.601228100469,1895.198771899531,78
ORD-1035,2023-06-24,Office Supplies,North,810.33,11,0.0,7,505.6904549969588,304.63954500304123,60
ORD-1036,2023-02-20,Office Supplies,Central,3653.26,12,0.1,2,1870.2624617808785,1417.6715382191217,47
ORD-1037,2023-12-30,Electronics,East,1036.83,1,0.2,1,603.6387243520352,225.82527564796476,93
ORD-1038,2023-02-24,Technology,East,1757.49,6,0.0,3,1382.6083146678548,374.88168533214525,38
ORD-1039,2023-09-01,Furniture,North,1612.62,1,0.0,4,1267.664104811494,344.9558951885058,34
ORD-1040,2023-11-16,Electronics,South,4740.48,5,0.3,8,2871.299806242923,447.03619375707694,75
ORD-1041,2023-05-11,Office Supplies,West,4840.05,9,0.1,6,2482.607004694601,1873.437995305399,74
ORD-1042,2023-11-03,Technology,South,996.78,12,0.1,11,551.9454760870634,345.15652391293656,59
ORD-1043,2023-05-15,Furniture,Central,207.97,14,0.2,2,128.455860350112,37.92013964988799,71
ORD-1044,2023-01-21,Furniture,East,3628.04,5,0.1,9,2845.5947966260856,419.6412033739144,17
ORD-1045,2023-11-25,Electronics,North,2148.15,6,0.3,2,1165.070030501221,338.634969498779,7
ORD-1046,2023-06-16,Technology,North,535.32,8,0.3,5,390.27759042974026,-15.553590429740211,30
ORD-1047,2023-10-01,Technology,West,3450.4,11,0.2,4,1837.6994701575316,922.6205298424685,61
ORD-1048,2023-03-30,Office Supplies,South,2771.02,1,0.3,7,2201.2353116308327,-261.52131163083266,28
ORD-1049,2023-11-12,Technology,West,4904.53,14,0.0,8,3013.7598705127175,1890.7701294872822,57
ORD-1050,2023-01-14,Technology,East,1214.31,2,0.0,5,889.5675158791538,324.74248412084614,74
ORD-1051,2023-08-30,Electronics,West,2079.49,9,0.3,10,1253.4694192384761,202.1735807615238,47
ORD-1052,2023-09-22,Technology,North,2758.47,3,0.2,5,1898.6567302728774,308.1192697271224,64
ORD-1053,2023-12-12,Furniture,North,3979.33,6,0.1,2,2218.8936099465714,1362.5033900534286,62
ORD-1054,2023-02-22,Electronics,Central,2789.31,5,0.2,8,1516.844366800563,714.603633199437,53
ORD-1055,2023-12-06,Electronics,Central,3103.21,11,0.1,2,2424.9080055647664,367.9809944352336,46
ORD-1056,2023-04-02,Office Supplies,East,1208.12,2,0.3,10,936.6484088145712,-90.9644088145713,80
ORD-1057,2023-09-21,Technology,South,4249.9,14,0.3,6,3256.4462747032185,-281.51627470321864,70
ORD-1058,2023-02-04,Office Supplies,West,2200.29,7,0.0,8,1512.9854898201163,687.3045101798837,15
ORD-1059,2023-07-25,Furniture,East,790.7,4,0.1,6,587.0793023826134,124.55069761738666,94
ORD-1060,2023-03-22,Electronics,Central,3354.52,1,0.2,4,1746.7357356823836,936.8802643176164,22
ORD-1061,2023-02-19,Electronics,West,1158.84,13,0.3,4,695.8100799913784,115.37792000862152,89
ORD-1062,2023-12-26,Electronics,Central,578.06,4,0.2,6,343.4317684891365,119.01623151086343,56
ORD-1063,2023-01-02,Furniture,West,4323.74,6,0.0,4,2986.3795313018177,1337.360468698182,50
ORD-1064,2023-02-23,Furniture,South,2354.8,7,0.1,8,1428.8628094905994,690.4571905094008,48
ORD-1065,2023-04-16,Office Supplies,East,3771.49,7,0.1,9,2053.7725525703977,1340.5684474296022,26
ORD-1066,2023-09-17,Office Supplies,West,1523.88,14,0.3,1,1034.6232740643575,32.09272593564259,57
ORD-1067,2023-11-06,Office Supplies,North,3956.15,7,0.1,4,2944.6224843264963,615.9125156735038,63
ORD-1068,2023-07-10,Technology,North,648.49,3,0.3,4,398.5859794767044,55.35702052329563,98
ORD-1069,2023-08-06,Electronics,West,1844.27,6,0.0,2,995.316766958403,848.953233041597,34
ORD-1070,2023-02-13,Electronics,West,4892.5,13,0.1,6,2734.939101605896,1668.3108983941038,12
ORD-1071,2023-06-11,Office Supplies,West,3990.55,8,0.3,3,2279.5817010331057,513.8032989668945,61
ORD-1072,2023-07-21,Electronics,North,2536.55,4,0.2,7,1496.4865718530873,532.7534281469128,77
ORD-1073,2023-09-27,Office Supplies,North,1764.91,13,0.3,11,1222.7976343661871,12.639365633812986,24
ORD-1074,2023-12-17,Technology,West,4373.46,8,0.1,11,2975.1933116418995,960.9206883581005,29
ORD-1075,2023-10-31,Technology,Central,2769.75,2,0.0,5,1963.2651589725922,806.4848410274078,23
ORD-1076,2023-09-28,Furniture,Central,3816.28,10,0.1,4,2323.1627220583773,1111.4892779416227,9
ORD-1077,2023-08-03,Technology,South,3795.13,9,0.1,5,2835.718462573779,579.898537426221,79
ORD-1078,2023-09-09,Office Supplies,East,187.93,9,0.3,8,105.47125824830061,26.079741751699395,83
ORD-1079,2023-07-09,Technology,Central,718.64,8,0.2,3,460.4414328389338,114.47056716106619,76
ORD-1080,2023-10-23,Furniture,North,3332.18,10,0.1,7,2466.7515967437766,532.2104032562231,87
ORD-1081,2023-08-01,Electronics,Central,891.94,14,0.2,6,494.1772112775898,219.37478872241024,91
ORD-1082,2023-07-27,Office Supplies,South,1351.92,13,0.3,1,720.5178422185319,225.82615778146817,31
ORD-1083,2023-08-25,Electronics,South,4738.53,10,0.2,7,3625.473897422571,165.35010257742863,44
ORD-1084,2023-12-04,Furniture,East,2844.89,1,0.3,7,1715.1241504861027,276.29884951389715,30
ORD-1085,2023-02-22,Furniture,Central,3778.57,2,0.0,1,2664.5003413632567,1114.0696586367435,31
ORD-1086,2023-10-07,Furniture,North,2834.11,6,0.2,9,1438.607219849141,828.680780150859,66
ORD-1087,2023-08-05,Electronics,North,2807.32,10,0.2,6,1984.8147292308852,261.04127076911493,87
ORD-1088,2023-09-09,Electronics,West,561.34,5,0.0,2,333.90209306713297,227.43790693286707,54
ORD-1089,2023-07-07,Electronics,North,1783.95,12,0.2,5,921.8066687271951,505.35333127280495,46
ORD-1090,2023-02-10,Electronics,East,1483.91,14,0.0,11,1013.42717649666,470.4828235033401,33
ORD-1091,2023-06-06,Furniture,East,2014.57,9,0.1,4,1152.8198431239598,660.2931568760401,43
ORD-1092,2023-01-15,Furniture,North,4011.89,5,0.3,7,2471.4934318946553,336.8295681053446,64
ORD-1093,2023-10-28,Office Supplies,North,1922.47,2,0.0,8,1007.7092582589362,914.7607417410638,45
ORD-1094,2023-03-06,Office Supplies,West,2313.31,10,0.2,11,1258.7852661171344,591.8627338828655,37
ORD-1095,2023-12-11,Electronics,North,2047.17,4,0.0,11,1206.5880171570082,840.5819828429919,87
ORD-1096,2023-11-23,Technology,West,557.7,9,0.2,1,293.8676620387199,152.2923379612801,87
ORD-1097,2023-01-09,Technology,West,2261.25,1,0.1,5,1748.5067673065791,286.61823269342085,20
ORD-1098,2023-12-10,Furniture,North,1058.49,11,0.0,3,531.1652204219428,527.3247795780572,27
ORD-1099,2023-05-09,Furniture,South,1014.94,1,0.1,1,654.7967271602433,258.6492728397567,11
ORD-1100,2023-05-16,Furniture,South,560.78,12,0.3,3,301.1244128714717,91.4215871285283,30
ORD-1101,2023-03-04,Office Supplies,West,1847.69,7,0.2,6,1094.3936730512532,383.7583269487468,16
ORD-1102,2023-05-19,Office Supplies,North,3811.66,11,0.2,7,2964.777254533067,84.55074546693265,76
ORD-1103,2023-03-22,Furniture,South,1454.56,3,0.1,8,797.8383288230631,511.26567117693685,9
ORD-1104,2023-06-12,Furniture,North,1630.51,10,0.3,11,1287.6947766871815,-146.33777668718147,96
ORD-1105,2023-10-16,Furniture,North,3249.11,2,0.0,4,1825.1495704660301,1423.96042953397,73
ORD-1106,2023-09-18,Technology,North,1059.62,9,0.0,3,765.5434839560866,294.07651604391333,53
ORD-1107,2023-08-19,Office Supplies,Central,4495.09,3,0.2,5,2984.754052000177,611.317947999823,30
ORD-1108,2023-02-10,Technology,North,2648.93,2,0.1,9,2027.3416707678653,356.6953292321346,9
ORD-1109,2023-01-28,Technology,Central,2293.25,12,0.1,6,1527.7585099547664,536.1664900452336,26
ORD-1110,2023-05-15,Furniture,West,2833.32,8,0.0,9,1871.033198045986,962.2868019540142,83
ORD-1111,2023-07-20,Furniture,South,913.57,10,0.3,6,510.3543696189678,129.14463038103224,17
ORD-1112,2023-11-24,Electronics,South,3106.02,6,0.3,2,1707.9035169359079,466.3104830640922,32
ORD-1113,2023-09-25,Electronics,South,1879.19,6,0.0,5,1456.2721743654292,422.9178256345708,37
ORD-1114,2023-02-02,Technology,South,4496.21,10,0.0,11,2690.3138164154534,1805.8961835845466,27
ORD-1115,2023-02-17,Office Supplies,South,927.39,11,0.1,9,567.214608729012,267.436391270988,22
ORD-1116,2023-03-03,Furniture,South,2584.55,7,0.3,8,1881.4156709173274,-72.23067091732719,34
ORD-1117,2023-08-04,Furniture,South,3030.75,7,0.0,7,1823.4417808058772,1207.3082191941228,30
ORD-1118,2023-10-20,Technology,West,263.58,11,0.0,1,207.07338590553252,56.506614094467466,20
ORD-1119,2023-04-09,Electronics,North,1882.1,13,0.2,4,1357.7061562097927,147.97384379020724,81
ORD-1120,2023-06-21,Office Supplies,East,3689.91,6,0.0,7,2506.2930409392266,1183.6169590607733,43
ORD-1121,2023-12-26,Electronics,Central,4119.85,4,0.0,11,3148.6717781510897,971.1782218489107,37
ORD-1122,2023-08-02,Electronics,East,1634.49,11,0.3,7,841.5691083414438,302.57389165855625,30
ORD-1123,2023-02-04,Electronics,East,4013.11,9,0.1,6,2316.0412581954306,1295.7577418045694,52
ORD-1124,2023-08-15,Electronics,North,4842.0,6,0.3,8,3096.5117790892937,292.8882209107064,69
ORD-1125,2023-04-11,Furniture,North,4298.68,4,0.1,11,2442.0524324166317,1426.7595675833686,42
ORD-1126,2023-05-11,Furniture,North,676.46,12,0.2,6,489.19663090072413,51.971369099275904,6
ORD-1127,2023-09-14,Electronics,South,3724.68,3,0.0,10,2889.4667307315567,835.2132692684431,10
ORD-1128,2023-01-05,Office Supplies,West,1666.37,4,0.2,3,1045.0323444247877,288.06365557521224,50
ORD-1129,2023-08-06,Technology,South,4943.24,3,0.1,4,2978.9930662531374,1469.9229337468623,54
ORD-1130,2023-09-12,Office Supplies,West,2478.26,2,0.3,3,1954.0218152281739,-219.2398152281737,42
ORD-1131,2023-12-25,Office Supplies,West,699.93,14,0.3,1,443.3746689926942,46.57633100730578,92
ORD-1132,2023-10-10,Office Supplies,East,3653.41,5,0.2,10,2362.713295005625,560.014704994375,22
ORD-1133,2023-07-26,Electronics,East,1682.75,2,0.1,5,1018.8966468050024,495.5783531949976,31
ORD-1134,2023-01-15,Furniture,West,4985.68,6,0.2,1,3853.2552892781478,135.28871072185245,45
ORD-1135,2023-12-12,Office Supplies,West,4900.93,3,0.2,1,3286.9882990041565,633.7557009958437,76
ORD-1136,2023-02-11,Electronics,South,3315.06,6,0.0,2,2415.526346094715,899.5336539052851,96
ORD-1137,2023-06-28,Office Supplies,South,736.15,11,0.2,4,547.3584547142015,41.56154528579853,78
ORD-1138,2023-03-04,Office Supplies,East,3465.62,10,0.0,6,2088.2256629947865,1377.3943370052134,21
ORD-1139,2023-12-18,Electronics,North,555.85,9,0.0,8,350.24569821933,205.60430178067003,66
ORD-1140,2023-08-19,Furniture,West,243.88,1,0.3,3,184.01758890265992,-13.30158890265993,33
ORD-1141,2023-08-29,Furniture,South,4132.5,6,0.0,1,2516.595822240086,1615.904177759914,62
ORD-1142,2023-02-21,Technology,East,1127.79,9,0.0,3,832.512631246699,295.27736875330095,74
ORD-1143,2023-04-06,Electronics,South,1957.23,11,0.3,3,1531.1365210537099,-161.07552105370985,82
ORD-1144,2023-08-10,Technology,West,4869.94,4,0.2,5,3345.469137265643,550.4828627343567,26
ORD-1145,2023-08-19,Technology,West,1750.52,11,0.1,11,1264.7300197690843,310.7379802309157,10
ORD-1146,2023-08-25,Technology,Central,1552.8,12,0.1,4,1151.4465318412422,246.07346815875778,30
ORD-1147,2023-05-23,Furniture,North,4599.22,2,0.1,4,3465.566976199525,673.7310238004752,43
ORD-1148,2023-06-20,Electronics,Central,642.67,13,0.2,9,397.5016785921281,116.63432140787188,16
ORD-1149,2023-01-29,Technology,East,3821.95,4,0.0,7,1969.7529133393118,1852.197086660688,18
ORD-1150,2023-02-05,Electronics,South,4941.52,1,0.1,4,3066.523889552532,1380.8441104474682,26
ORD-1151,2023-01-13,Electronics,East,4516.35,3,0.2,3,3171.0506845156124,442.0293154843879,55
ORD-1152,2023-06-09,Furniture,West,3293.17,10,0.0,6,2091.5091139825204,1201.6608860174797,27
ORD-1153,2023-11-23,Technology,Central,1638.9,9,0.3,3,1187.6927123835321,-40.46271238353205,52
ORD-1154,2023-07-06,Technology,Central,1346.18,10,0.1,6,817.258782070638,394.30321792936206,75
ORD-1155,2023-08-31,Electronics,Central,4114.35,5,0.0,11,2840.6428670854093,1273.707132914591,54
ORD-1156,2023-03-27,Office Supplies,East,4411.13,11,0.1,11,2452.261598135654,1517.7554018643461,93
ORD-1157,2023-10-11,Furniture,West,2674.63,6,0.1,9,1938.6007929001105,468.5662070998896,17
ORD-1158,2023-03-07,Furniture,South,1297.27,3,0.1,6,861.0095028386222,306.5334971613778,89
ORD-1159,2023-06-19,Furniture,South,653.42,5,0.0,4,366.7119258292359,286.70807417076406,14
ORD-1160,2023-02-14,Furniture,East,527.18,11,0.2,5,309.75691973337223,111.98708026662773,59
ORD-1161,2023-03-03,Technology,Central,3623.48,8,0.0,6,2625.5106050116297,997.9693949883704,13
ORD-1162,2023-05-14,Technology,North,2158.58,6,0.1,11,1391.8100125822737,550.9119874177263,83
ORD-1163,2023-10-11,Office Supplies,East,4536.26,4,0.0,3,2562.1224345392434,1974.1375654607568,56
ORD-1164,2023-01-28,Furniture,East,3724.39,2,0.3,8,2942.94354461097,-335.8705446109702,6
ORD-1165,2023-04-18,Furniture,West,1037.18,14,0.2,4,741.104010416104,88.63998958389607,29
ORD-1166,2023-02-13,Electronics,South,3107.51,9,0.0,8,2446.046819039723,661.4631809602774,17
ORD-1167,2023-12-06,Technology,East,2233.98,13,0.3,10,1403.2332387702297,160.55276122977034,55
ORD-1168,2023-10-13,Furniture,East,2928.52,12,0.2,10,1881.6622549167553,461.15374508324464,62
ORD-1169,2023-11-27,Office Supplies,Central,3716.54,1,0.3,3,2859.4559437480816,-257.87794374808163,38
ORD-1170,2023-05-08,Office Supplies,Central,4050.36,1,0.2,10,2663.171653726889,577.116346273111,39
ORD-1171,2023-12-14,Technology,North,4234.31,13,0.0,7,3015.606450841386,1218.7035491586144,7
ORD-1172,2023-08-19,Office Supplies,West,1344.48,4,0.3,11,773.9524171005571,167.1835828994429,63
ORD-1173,2023-07-09,Office Supplies,North,252.47,7,0.1,9,160.0705094660067,67.15249053399329,74
ORD-1174,2023-08-13,Technology,Central,3722.54,1,0.3,4,1999.1341190421037,606.6438809578963,52
ORD-1175,2023-10-10,Furniture,South,621.08,9,0.2,8,348.91902420473906,147.94497579526097,68
ORD-1176,2023-05-01,Furniture,Central,1643.11,4,0.0,3,822.0200405181191,821.0899594818808,23
ORD-1177,2023-04-26,Office Supplies,West,118.7,3,0.2,7,60.7482284892088,34.2117715107912,71
ORD-1178,2023-08-21,Office Supplies,Central,3440.18,1,0.3,3,2728.699678845043,-320.5736788450429,86
ORD-1179,2023-09-16,Furniture,West,918.95,10,0.3,7,526.2882784437783,116.97672155622178,77
ORD-1180,2023-12-25,Technology,West,3310.88,4,0.1,11,2314.2826485647834,665.5093514352168,80
ORD-1181,2023-07-17,Office Supplies,West,4959.54,9,0.0,10,3728.2345560553877,1231.3054439446123,9
ORD-1182,2023-05-17,Electronics,West,456.09,13,0.0,10,303.39021865596135,152.69978134403863,71
ORD-1183,2023-11-14,Technology,West,477.68,14,0.3,11,260.7862194400313,73.58978055996872,15
ORD-1184,2023-06-14,Office Supplies,South,1767.86,10,0.0,11,1270.0923774727346,497.7676225272653,98
ORD-1185,2023-08-13,Office Supplies,North,4345.29,6,0.1,6,2955.1249349374852,955.6360650625147,72
ORD-1186,2023-11-03,Electronics,East,1156.1,6,0.2,2,831.6696419033501,93.2103580966498,73
ORD-1187,2023-08-22,Electronics,North,1865.85,1,0.0,11,1363.794520877369,502.0554791226309,5
ORD-1188,2023-06-21,Furniture,West,435.68,10,0.3,3,345.33003669786694,-40.354036697866945,95
ORD-1189,2023-06-01,Technology,South,3839.46,2,0.2,6,2580.3819813394057,491.1860186605943,96
ORD-1190,2023-11-11,Technology,Central,2100.7,11,0.2,4,1265.6556456287442,414.90435437125564,67
ORD-1191,2023-06-09,Furniture,South,3820.32,6,0.1,6,2653.3626348051343,784.9253651948658,33
ORD-1192,2023-04-06,Technology,West,4527.68,2,0.3,1,2356.803289127096,812.5727108729043,86
ORD-1193,2023-08-21,Technology,South,1240.54,3,0.0,10,954.2471807811983,286.2928192188017,16
ORD-1194,2023-06-29,Technology,South,4056.24,4,0.3,1,2173.3914100291345,665.9765899708655,81
ORD-1195,2023-04-23,Technology,West,389.56,11,0.2,3,233.0943367780398,78.55366322196019,45
ORD-1196,2023-11-14,Technology,South,4504.35,5,0.3,8,3354.4958115669806,-201.4508115669803,6
ORD-1197,2023-02-21,Electronics,East,3288.77,9,0.0,8,2233.7119091448085,1055.0580908551915,41
ORD-1198,2023-09-25,Technology,East,4383.71,12,0.0,11,2709.5301899786277,1674.1798100213723,49
ORD-1199,2023-10-22,Electronics,South,100.92,4,0.1,4,64.79373802323815,26.034261976761854,84
ORD-1200,2023-04-23,Technology,Central,928.5,13,0.0,6,702.2841763764674,226.21582362353263,52
ORD-1201,2023-04-11,Furniture,West,2009.82,11,0.0,8,1209.9142845572678,799.9057154427321,28
ORD-1202,2023-04-23,Office Supplies,East,1959.56,9,0.3,7,1491.0192209111615,-119.32722091116148,26
ORD-1203,2023-03-22,Electronics,Central,1210.98,11,0.3,11,637.5087099672462,210.17729003275383,15
ORD-1204,2023-07-06,Technology,South,1969.9,10,0.2,7,1444.0145724371846,131.90542756281548,62
ORD-1205,2023-04-23,Furniture,Central,731.36,3,0.1,4,551.6387310732736,106.58526892672644,50
ORD-1206,2023-01-02,Office Supplies,North,2122.53,8,0.3,9,1177.039026803051,308.7319731969492,33
ORD-1207,2023-05-10,Electronics,East,4031.54,12,0.0,10,2536.257777735946,1495.2822222640539,39
ORD-1208,2023-08-08,Office Supplies,South,2447.44,1,0.2,6,1345.2352305508452,612.7167694491548,19
ORD-1209,2023-02-23,Furniture,West,188.2,11,0.3,11,133.99486912301353,-2.2548691230135347,64
ORD-1210,2023-12-09,Electronics,South,2165.08,9,0.1,3,1430.2612237024794,518.3107762975205,99
ORD-1211,2023-08-12,Office Supplies,West,233.16,9,0.1,5,161.01959745555365,48.82440254444634,46
ORD-1212,2023-08-13,Technology,South,4834.59,10,0.2,5,2702.275177673049,1165.3968223269512,47
ORD-1213,2023-05-06,Electronics,Central,724.52,2,0.2,5,408.2842335922657,171.33176640773428,84
ORD-1214,2023-05-10,Office Supplies,Central,3567.67,4,0.2,8,1828.2496289905785,1025.8863710094215,78
ORD-1215,2023-02-22,Furniture,Central,4866.6,13,0.2,9,2903.512160035062,989.767839964938,53
ORD-1216,2023-06-21,Furniture,North,4147.59,8,0.2,9,2770.272407970281,547.799592029719,68
ORD-1217,2023-08-06,Electronics,West,3526.65,7,0.0,6,2671.0158493346044,855.6341506653957,36
ORD-1218,2023-06-09,Office Supplies,Central,4213.36,1,0.0,6,2949.6816290073516,1263.678370992648,68
ORD-1219,2023-07-17,Electronics,North,4910.81,5,0.3,9,3096.8495856744203,340.71741432557997,6
ORD-1220,2023-09-04,Electronics,West,3144.59,7,0.1,4,2471.4465941567987,358.6844058432014,28
ORD-1221,2023-11-20,Office Supplies,South,2840.01,4,0.0,6,2032.804068626211,807.2059313737893,91
ORD-1222,2023-07-22,Office Supplies,North,3178.37,1,0.0,4,2476.107752746673,702.2622472533267,70
ORD-1223,2023-07-03,Technology,East,2710.11,9,0.0,11,1784.0014326733888,926.1085673266114,42
ORD-1224,2023-05-03,Office Supplies,North,3211.94,14,0.3,1,1855.445498913723,392.9125010862771,35
ORD-1225,2023-09-12,Furniture,North,2304.23,5,0.2,7,1188.632450656655,654.751549343345,30
ORD-1226,2023-10-21,Electronics,West,1170.37,11,0.3,10,840.1213782893462,-20.86237828934628,33
ORD-1227,2023-10-07,Electronics,South,689.21,2,0.1,11,369.6859717766183,250.60302822338173,71
ORD-1228,2023-11-21,Furniture,East,434.87,8,0.1,6,256.9353460094891,134.44765399051093,82
ORD-1229,2023-04-08,Office Supplies,Central,1390.25,11,0.1,9,917.2053039056765,334.01969609432354,29
ORD-1230,2023-07-17,Furniture,Central,326.01,13,0.1,7,218.20663553462265,75.20236446537734,52
ORD-1231,2023-08-28,Furniture,North,2879.14,2,0.0,7,1958.3189317320628,920.8210682679371,69
ORD-1232,2023-05-24,Technology,West,1490.76,3,0.0,2,819.7340388816359,671.0259611183641,57
ORD-1233,2023-04-07,Furniture,West,4140.22,14,0.3,11,2541.7689194572063,356.38508054279396,71
ORD-1234,2023-07-20,Electronics,Central,463.78,10,0.2,9,317.7627015956921,53.261298404307894,94
ORD-1235,2023-05-04,Furniture,East,1209.12,1,0.1,10,956.3482156818004,131.8597843181995,22
ORD-1236,2023-07-06,Electronics,South,3678.21,11,0.3,9,2642.019038099512,-67.27203809951175,13
ORD-1237,2023-11-22,Electronics,East,3034.16,2,0.0,6,2356.878224687261,677.2817753127388,42
ORD-1238,2023-12-15,Electronics,South,416.01,14,0.0,3,303.13135151378424,112.87864848621575,91
ORD-1239,2023-09-16,Office Supplies,Central,4398.47,7,0.2,1,2980.0298008492473,538.7461991507529,25
ORD-1240,2023-05-28,Technology,South,4398.58,10,0.2,4,2452.6790453047224,1066.1849546952776,69
ORD-1241,2023-09-09,Electronics,West,1719.0,2,0.2,3,1203.309790680969,171.89020931903104,25
ORD-1242,2023-12-12,Electronics,North,1767.99,6,0.3,1,1214.6336516464369,22.9593483535632,31
ORD-1243,2023-05-27,Office Supplies,North,4946.24,3,0.0,3,3367.1071329047645,1579.1328670952353,74
ORD-1244,2023-05-28,Electronics,Central,3168.26,4,0.0,4,2049.6606922337273,1118.599307766273,48
ORD-1245,2023-12-18,Furniture,West,2703.45,11,0.2,8,1780.484008816442,382.27599118355795,32
ORD-1246,2023-07-18,Furniture,East,4206.95,13,0.1,9,2525.569896837852,1260.685103162148,49
ORD-1247,2023-11-04,Technology,West,1497.92,8,0.2,3,982.3266605688278,216.00933943117224,21
ORD-1248,2023-05-08,Electronics,North,2202.99,14,0.3,6,1232.0591053951891,310.0338946048107,44
ORD-1249,2023-02-08,Office Supplies,North,1412.11,3,0.2,10,1047.1534454769685,82.53455452303143,7
ORD-1250,2023-12-04,Furniture,West,3966.89,10,0.2,11,2204.532023147427,968.9799768525728,80
ORD-1251,2023-12-26,Office Supplies,West,2909.41,6,0.3,5,1528.8655320401938,507.7214679598061,80
ORD-1252,2023-05-09,Office Supplies,North,3328.24,1,0.2,6,2099.6994424288832,562.8925575711165,70
ORD-1253,2023-09-24,Furniture,East,1336.31,7,0.0,4,932.0658443459038,404.2441556540962,50
ORD-1254,2023-05-31,Office Supplies,Central,1179.1,8,0.1,10,744.3835724837415,316.8064275162584,90
ORD-1255,2023-10-25,Furniture,Central,2493.04,11,0.2,6,1453.5077363359671,540.9242636640329,91
ORD-1256,2023-04-09,Office Supplies,West,3714.07,14,0.3,7,2478.961054685591,120.88794531440908,34
ORD-1257,2023-09-20,Furniture,Central,2673.67,8,0.1,9,1615.1659202364613,791.1370797635388,73
ORD-1258,2023-09-09,Electronics,North,259.96,3,0.3,10,202.73248541759585,-20.76048541759586,13
ORD-1259,2023-05-24,Technology,North,4355.9,14,0.1,7,3383.6349890797596,536.6750109202401,89
ORD-1260,2023-12-12,Furniture,West,416.97,10,0.1,6,271.3271933321294,103.94580666787061,15
ORD-1261,2023-04-22,Furniture,West,4783.54,1,0.2,1,2862.3038602238303,964.5281397761696,73
ORD-1262,2023-03-01,Technology,West,223.2,9,0.0,2,160.95838643853656,62.241613561463424,95
ORD-1263,2023-01-02,Furniture,East,3502.81,13,0.2,1,1789.9845396685762,1012.2634603314237,70
ORD-1264,2023-10-31,Furniture,Central,502.81,6,0.3,9,323.0205811786425,28.946418821357526,92
ORD-1265,2023-09-11,Office Supplies,West,4562.32,11,0.3,10,2741.484484444228,452.1395155557716,35
ORD-1266,2023-05-20,Technology,South,2375.72,9,0.1,10,1843.9406538867524,294.20734611324735,37
ORD-1267,2023-02-06,Electronics,South,773.87,7,0.1,9,389.72163481465327,306.76136518534673,43
ORD-1268,2023-06-09,Furniture,North,1770.0,1,0.0,7,1178.5446990064434,591.4553009935566,98
ORD-1269,2023-01-09,Technology,Central,907.64,12,0.2,2,655.4967678157938,70.6152321842062,50
ORD-1270,2023-08-21,Office Supplies,West,935.85,12,0.3,6,604.0962250873122,50.99877491268785,41
ORD-1271,2023-04-09,Electronics,South,4745.73,1,0.1,11,2494.4549167002397,1776.70208329976,96
ORD-1272,2023-05-27,Technology,Central,2281.71,6,0.0,4,1806.5174634721698,475.19253652783027,64
ORD-1273,2023-10-31,Electronics,North,3965.13,5,0.3,1,2598.7586105286923,176.8323894713078,35
ORD-1274,2023-07-27,Electronics,East,3234.07,9,0.1,1,2212.931392149436,697.7316078505643,15
ORD-1275,2023-05-11,Electronics,Central,3414.49,2,0.3,5,1949.6155210870868,440.527478912913,91
ORD-1276,2023-06-01,Furniture,Central,745.3,8,0.0,2,480.75533684903024,264.5446631509697,6
ORD-1277,2023-02-23,Furniture,East,1247.5,11,0.0,4,784.359197365402,463.140802634598,31
ORD-1278,2023-04-30,Office Supplies,Central,3955.08,5,0.3,1,2066.4057140355617,702.1502859644384,6
ORD-1279,2023-06-10,Office Supplies,North,4856.75,2,0.2,4,2583.0532891274984,1302.3467108725017,25
ORD-1280,2023-04-26,Technology,North,1387.11,13,0.3,11,1042.0549520065194,-71.07795200651952,62
ORD-1281,2023-03-16,Office Supplies,East,1430.69,10,0.1,6,818.277402226734,469.343597773266,9
ORD-1282,2023-04-23,Electronics,West,2417.2,11,0.2,10,1349.9759401599467,583.784059840053,56
ORD-1283,2023-04-14,Electronics,South,4920.82,11,0.1,4,3205.783510262213,1222.9544897377868,49
ORD-1284,2023-12-06,Furniture,West,1417.9,12,0.3,1,1035.9519672676722,-43.42196726767213,89
ORD-1285,2023-09-11,Electronics,Central,2094.16,6,0.2,7,1085.997776404212,589.330223595788,97
ORD-1286,2023-08-15,Technology,South,4468.25,10,0.1,2,3007.321596077091,1014.1034039229091,24
ORD-1287,2023-04-22,Electronics,East,114.31,8,0.3,9,61.24308371633179,18.773916283668214,65
ORD-1288,2023-04-09,Electronics,East,294.85,4,0.3,3,150.65016225078008,55.74483774921994,42
ORD-1289,2023-06-02,Technology,South,3059.95,2,0.2,8,1578.393156925633,869.5668430743667,24
ORD-1290,2023-12-15,Office Supplies,North,4546.16,12,0.3,8,3410.7530506518665,-228.4410506518666,29
ORD-1291,2023-12-04,Office Supplies,South,1270.4,11,0.0,3,680.1616729603269,590.2383270396732,6
ORD-1292,2023-07-13,Technology,Central,2401.24,5,0.1,4,1233.1457786844117,927.9702213155881,36
ORD-1293,2023-11-06,Furniture,North,2307.28,12,0.1,2,1456.7472954821299,619.8047045178703,30
ORD-1294,2023-06-12,Electronics,East,2417.56,2,0.3,4,1820.9014574084483,-128.6094574084483,74
ORD-1295,2023-07-27,Technology,South,3150.35,2,0.3,11,1823.1784686619217,382.06653133807833,45
ORD-1296,2023-06-18,Electronics,West,2401.74,6,0.0,11,1504.7232186050082,897.0167813949915,71
ORD-1297,2023-06-10,Furniture,West,2292.59,11,0.2,11,1173.7527996790993,660.3192003209008,5
ORD-1298,2023-03-09,Electronics,Central,2424.01,10,0.3,9,1538.5762427144243,158.2307572855758,55
ORD-1299,2023-10-16,Technology,West,2995.25,9,0.3,2,2016.6536739335124,80.02132606648763,9
ORD-1300,2023-10-04,Electronics,South,2731.34,13,0.3,3,1833.472381658615,78.46561834138515,17
ORD-1301,2023-10-31,Office Supplies,South,4285.27,4,0.3,11,2569.996439352213,429.6925606477871,23
ORD-1302,2023-05-15,Furniture,West,342.53,6,0.1,11,203.68887411176314,104.58812588823683,16
ORD-1303,2023-07-14,Furniture,South,4183.25,7,0.3,4,2225.4349761749572,702.8400238250429,52
ORD-1304,2023-05-08,Furniture,Central,4235.23,13,0.1,5,2583.6575754652085,1228.0494245347911,29
ORD-1305,2023-02-02,Technology,North,1496.05,11,0.3,1,792.6796998102196,254.55530018978033,61
ORD-1306,2023-06-25,Furniture,Central,2367.97,6,0.2,7,1728.567859759939,165.80814024006082,39
ORD-1307,2023-01-22,Office Supplies,Central,2248.84,8,0.0,10,1776.3188875244093,472.5211124755908,80
ORD-1308,2023-08-26,Technology,South,1170.7,4,0.2,7,926.0498499259143,10.510150074085772,98
ORD-1309,2023-06-07,Office Supplies,North,2044.3,12,0.3,9,1552.6894545359353,-121.67945453593529,9
ORD-1310,2023-02-07,Electronics,South,317.5,1,0.3,4,215.97545222459874,6.27454777540126,26
ORD-1311,2023-08-18,Electronics,East,1461.33,7,0.3,6,1037.9238208060196,-14.992820806019665,81
ORD-1312,2023-12-31,Electronics,South,4101.74,3,0.2,11,2401.8220147259085,879.5699852740913,61
ORD-1313,2023-02-20,Electronics,South,1494.36,14,0.3,2,1029.9594255267473,16.092574473252682,51
ORD-1314,2023-09-21,Office Supplies,South,4109.21,6,0.2,4,2616.3129055161517,671.0550944838483,58
ORD-1315,2023-10-10,Technology,North,2704.84,2,0.1,2,1743.5539343966716,690.8020656033285,7
ORD-1316,2023-01-27,Technology,South,4411.33,9,0.0,10,3208.505742223924,1202.8242577760761,57
ORD-1317,2023-08-14,Furniture,North,2916.42,1,0.0,5,1704.867699189281,1211.552300810719,88
ORD-1318,2023-10-04,Office Supplies,West,245.37,6,0.2,7,146.0962138564453,50.1997861435547,35
ORD-1319,2023-10-13,Electronics,East,3409.56,6,0.1,1,2650.5664996081664,418.03750039183353,73
ORD-1320,2023-04-07,Office Supplies,North,319.78,5,0.2,10,165.28382150223317,90.54017849776682,92
ORD-1321,2023-10-11,Furniture,West,2307.93,13,0.1,10,1490.2079899011303,586.9290100988695,37
ORD-1322,2023-11-13,Furniture,North,4654.19,5,0.3,7,3601.5995071750795,-343.6665071750797,76
ORD-1323,2023-10-31,Office Supplies,North,909.5,1,0.1,10,621.2875466831841,197.26245331681588,92
ORD-1324,2023-05-27,Office Supplies,East,2010.37,10,0.1,6,1334.7291169351531,474.60388306484674,54
ORD-1325,2023-01-04,Office Supplies,Central,3676.32,12,0.1,6,2113.601856295339,1195.086143704661,88
ORD-1326,2023-02-04,Technology,Central,4423.07,5,0.0,8,2667.034455224886,1756.0355447751135,20
ORD-1327,2023-07-11,Electronics,North,3387.62,2,0.1,8,2559.734876304488,489.123123695512,80
ORD-1328,2023-02-18,Office Supplies,South,1365.05,7,0.3,6,911.5332132311602,44.00178676883979,81
ORD-1329,2023-01-17,Office Supplies,West,3405.58,3,0.3,3,2228.6887160642646,155.2172839357354,43
ORD-1330,2023-06-21,Office Supplies,South,1553.97,13,0.3,5,823.4081662349396,264.37083376506047,93
ORD-1331,2023-08-08,Furniture,South,3620.3,4,0.1,2,1827.5580204443447,1430.7119795556555,50
ORD-1332,2023-06-07,Furniture,North,4774.76,3,0.2,5,3767.7896474606123,52.01835253938782,92
ORD-1333,2023-02-15,Technology,North,3634.83,3,0.2,9,2228.499189131769,679.3648108682308,51
ORD-1334,2023-01-06,Electronics,North,4328.11,4,0.3,10,2947.2867458610453,82.39025413895456,48
ORD-1335,2023-04-09,Technology,North,110.31,5,0.0,1,57.79301091698682,52.51698908301318,13
ORD-1336,2023-08-21,Electronics,Central,3616.1,1,0.2,10,2549.1128705809324,343.7671294190675,91
ORD-1337,2023-02-06,Furniture,North,4164.98,4,0.1,5,3247.7265071278457,500.75549287215387,54
ORD-1338,2023-10-07,Furniture,Central,298.74,12,0.2,6,200.96227130413476,38.029728695865245,81
ORD-1339,2023-12-15,Furniture,Central,4370.83,12,0.3,11,2350.7835903494347,708.7974096505652,64
ORD-1340,2023-10-29,Technology,North,1357.8,11,0.0,7,915.8584470010461,441.94155299895385,19
ORD-1341,2023-06-30,Office Supplies,East,3359.93,8,0.2,9,2452.4268975180144,235.5171024819855,40
ORD-1342,2023-04-05,Office Supplies,West,4021.74,10,0.2,6,2501.220492540358,716.1715074596418,67
ORD-1343,2023-04-09,Furniture,South,3347.06,7,0.3,5,2556.990919787491,-214.04891978749083,73
ORD-1344,2023-07-07,Office Supplies,Central,552.2,9,0.0,7,383.56081805318104,168.639181946819,90
ORD-1345,2023-04-26,Office Supplies,West,3021.98,5,0.0,1,2326.2436738274814,695.7363261725186,84
ORD-1346,2023-07-10,Technology,East,2792.96,13,0.3,11,1918.907618230409,36.16438176959093,45
ORD-1347,2023-09-10,Electronics,South,4511.57,10,0.1,5,2433.4794627573415,1626.9335372426583,78
ORD-1348,2023-06-10,Furniture,South,2080.77,4,0.2,2,1233.7041665149034,430.9118334850966,28
ORD-1349,2023-09-13,Furniture,Central,1673.3,8,0.1,4,937.9490460732508,568.0209539267491,86
ORD-1350,2023-11-19,Technology,North,3774.27,9,0.2,7,2916.1819756613468,103.23402433865317,53
ORD-1351,2023-05-08,Technology,East,2122.11,13,0.2,5,1545.150776037432,152.53722396256808,22
ORD-1352,2023-01-18,Office Supplies,Central,3265.87,7,0.1,6,2295.6437423216366,643.6392576783633,11
ORD-1353,2023-10-08,Furniture,East,3267.61,14,0.3,2,1928.8371667074452,358.48983329255486,8
ORD-1354,2023-08-11,Electronics,North,4451.39,7,0.3,3,2471.4715173569803,644.5014826430199,94
ORD-1355,2023-02-23,Technology,North,3033.59,5,0.2,7,2205.223736803685,221.64826319631516,73
ORD-1356,2023-02-27,Electronics,Central,2560.55,4,0.3,11,1644.5065384962033,147.87846150379676,64
ORD-1357,2023-11-19,Electronics,North,780.47,14,0.2,2,443.1015915301005,181.2744084698995,59
ORD-1358,2023-12-26,Furniture,West,667.11,10,0.3,6,456.96140635615103,10.015593643848973,20
ORD-1359,2023-06-23,Furniture,South,856.18,1,0.2,5,438.4499112571699,246.49408874283006,94
ORD-1360,2023-10-07,Technology,Central,942.06,10,0.3,10,563.2115848812188,96.2304151187812,86
ORD-1361,2023-04-24,Furniture,East,3225.6,10,0.0,1,2066.213232525949,1159.3867674740509,33
ORD-1362,2023-10-15,Furniture,West,3730.81,7,0.1,11,2031.0063297436138,1326.7226702563862,27
ORD-1363,2023-12-08,Furniture,Central,2696.96,1,0.0,10,2145.1521219650176,551.8078780349824,18
ORD-1364,2023-05-31,Electronics,North,4162.19,1,0.1,11,2342.185887976374,1403.7851120236255,83
ORD-1365,2023-05-07,Technology,North,4957.19,5,0.1,4,2672.4505698157523,1789.0204301842473,53
ORD-1366,2023-06-04,Office Supplies,North,4118.06,13,0.2,11,2310.4806468276024,983.9673531723979,37
ORD-1367,2023-09-30,Electronics,North,3504.92,9,0.1,2,2561.1093240502546,593.3186759497455,29
ORD-1368,2023-04-14,Furniture,East,2709.21,6,0.0,4,1700.4402561467607,1008.7697438532393,25
ORD-1369,2023-10-26,Electronics,West,2299.38,3,0.0,1,1539.7218310644575,759.6581689355426,21
ORD-1370,2023-09-03,Furniture,South,513.52,13,0.3,2,259.9965866886908,99.4674133113092,27
ORD-1371,2023-06-25,Furniture,East,2056.91,3,0.0,8,1049.701630875261,1007.208369124739,61
ORD-1372,2023-02-08,Electronics,East,4559.66,7,0.3,6,2889.6738779572756,302.0881220427243,85
ORD-1373,2023-06-19,Technology,South,4059.31,6,0.1,2,3024.1720385842345,629.2069614157654,62
ORD-1374,2023-09-04,Furniture,South,1158.65,9,0.0,6,887.0296080443562,271.62039195564387,18
ORD-1375,2023-01-26,Technology,North,2386.38,6,0.1,10,1255.2644456336652,892.4775543663349,97
ORD-1376,2023-12-21,Office Supplies,East,4101.94,5,0.0,9,2713.4699429096804,1388.4700570903192,24
ORD-1377,2023-11-02,Furniture,Central,430.18,10,0.0,7,332.945943933085,97.234056066915,34
ORD-1378,2023-01-13,Technology,South,1998.22,7,0.3,9,1231.6864751878834,167.06752481211663,23
ORD-1379,2023-11-12,Technology,South,4274.02,1,0.1,5,3200.6842864524433,645.9337135475571,57
ORD-1380,2023-11-09,Office Supplies,West,2079.1,12,0.0,7,1122.9399905185603,956.1600094814396,60
ORD-1381,2023-02-05,Technology,Central,480.31,7,0.2,11,374.9387981997021,9.309201800297899,81
ORD-1382,2023-06-22,Technology,Central,2758.42,3,0.1,7,2001.0323322634088,481.54566773659127,86
ORD-1383,2023-01-20,Office Supplies,South,4322.54,14,0.1,3,3381.9566698591284,508.32933014087155,27
ORD-1384,2023-11-17,Furniture,North,2992.4,9,0.1,7,2103.6128229047563,589.5471770952438,66
ORD-1385,2023-09-21,Technology,West,1208.77,6,0.3,1,736.1665312648843,109.97246873511574,37
ORD-1386,2023-05-22,Technology,Central,1982.77,9,0.2,9,1549.4442450340534,36.77175496594651,22
ORD-1387,2023-05-23,Technology,South,2305.6,13,0.1,10,1343.4040278375326,731.6359721624674,77
ORD-1388,2023-04-02,Electronics,Central,2938.41,5,0.0,6,1762.0227181654245,1176.3872818345753,37
ORD-1389,2023-12-20,Office Supplies,West,3820.82,7,0.0,5,2713.7088459008232,1107.111154099177,36
ORD-1390,2023-11-18,Electronics,West,584.48,13,0.3,7,426.43362122397934,-17.29762122397932,65
ORD-1391,2023-10-15,Office Supplies,East,4459.29,14,0.0,5,3472.988898448108,986.3011015518919,58
ORD-1392,2023-08-03,Furniture,South,160.32,4,0.1,10,90.01017666596745,54.27782333403255,21
ORD-1393,2023-12-08,Furniture,West,1913.26,7,0.0,5,1414.6633162590597,498.5966837409403,23
ORD-1394,2023-02-20,Technology,East,234.36,13,0.1,11,169.1056959222337,41.8183040777663,95
ORD-1395,2023-06-02,Office Supplies,East,2025.57,1,0.0,10,1051.5511017931801,974.0188982068198,74
ORD-1396,2023-07-05,Furniture,Central,2676.48,7,0.2,11,1649.1584978958886,492.0255021041114,38
ORD-1397,2023-03-04,Office Supplies,Central,2607.24,8,0.3,7,1524.7912230796114,300.27677692038844,88
ORD-1398,2023-07-09,Furniture,East,911.58,5,0.3,10,539.0602143097941,99.04578569020595,29
ORD-1399,2023-05-05,Electronics,Central,3264.13,2,0.2,7,2594.604919388266,16.69908061173419,72
ORD-1400,2023-05-30,Furniture,West,319.41,5,0.2,11,221.29786009188715,34.230139908112875,78
ORD-1401,2023-11-10,Electronics,North,3833.34,6,0.3,3,2741.9990168148406,-58.66101681484042,78
ORD-1402,2023-02-27,Furniture,West,4738.56,12,0.2,3,3757.6083814426233,33.23961855737696,92
ORD-1403,2023-12-08,Technology,East,1764.87,2,0.1,10,1082.1486329418037,506.2343670581962,89
ORD-1404,2023-11-01,Electronics,East,2634.47,14,0.0,3,1950.962160575159,683.5078394248408,15
ORD-1405,2023-06-29,Furniture,West,1956.66,6,0.3,6,1233.3988063978122,136.2631936021878,95
ORD-1406,2023-06-19,Technology,Central,132.88,6,0.2,6,101.10309029323236,5.200909706767639,20
ORD-1407,2023-11-22,Electronics,Central,1990.79,1,0.1,3,1103.2903680001389,688.4206319998611,94
ORD-1408,2023-09-28,Technology,East,3979.43,14,0.3,3,3121.090241078472,-335.4892410784721,65
ORD-1409,2023-02-23,Office Supplies,South,3020.35,1,0.2,8,1708.4051388496403,707.8748611503596,98
ORD-1410,2023-04-11,Office Supplies,Central,596.17,14,0.3,8,356.4298638940466,60.88913610595338,84
ORD-1411,2023-09-21,Electronics,West,4250.98,11,0.2,7,3089.857419002972,310.9265809970275,11
ORD-1412,2023-02-22,Furniture,Central,2702.32,10,0.3,10,1670.3757182465092,221.24828175349091,20
ORD-1413,2023-03-01,Electronics,West,4224.44,3,0.1,4,2883.0257405401744,918.9702594598252,20
ORD-1414,2023-04-18,Technology,East,2943.09,14,0.1,4,1864.0709475787273,784.7100524212728,44
ORD-1415,2023-01-05,Furniture,Central,2842.47,10,0.0,3,2054.2842825238777,788.1857174761221,16
ORD-1416,2023-04-13,Office Supplies,West,615.77,10,0.3,5,350.0648605813059,80.97413941869411,39
ORD-1417,2023-07-15,Furniture,East,920.06,12,0.0,3,476.1654567211483,443.89454327885164,25
ORD-1418,2023-09-19,Office Supplies,South,4862.92,3,0.3,8,2869.019799667917,535.024200332083,54
ORD-1419,2023-12-31,Furniture,West,1219.59,4,0.2,7,783.3336313760666,192.33836862393332,47
ORD-1420,2023-12-16,Furniture,South,4889.52,2,0.2,3,2691.221221679144,1220.3947783208564,21
ORD-1421,2023-02-16,Furniture,South,2706.37,9,0.0,9,1641.248822242208,1065.1211777577919,36
ORD-1422,2023-12-21,Technology,North,765.37,10,0.3,5,474.52550081340456,61.23349918659545,45
ORD-1423,2023-11-07,Technology,Central,586.58,12,0.0,9,303.38947230120027,283.19052769879977,10
ORD-1424,2023-11-04,Electronics,West,1123.43,11,0.1,7,758.3064585482743,252.7805414517257,92
ORD-1425,2023-05-24,Electronics,South,4635.62,14,0.0,7,3547.654024471678,1087.965975528322,31
ORD-1426,2023-09-26,Office Supplies,North,2129.34,7,0.0,6,1161.6036762802357,967.7363237197644,24
ORD-1427,2023-05-04,Technology,East,2037.63,7,0.2,2,1384.2484627041981,245.85553729580192,29
ORD-1428,2023-04-16,Office Supplies,West,1634.71,6,0.0,9,1143.3517476979428,491.3582523020573,70
ORD-1429,2023-06-07,Electronics,South,820.6,3,0.3,6,513.5318116256204,60.88818837437958,13
ORD-1430,2023-05-27,Office Supplies,Central,2490.47,6,0.2,8,1769.053752520928,223.3222474790719,96
ORD-1431,2023-05-25,Electronics,North,737.23,14,0.0,1,459.4560847423636,277.7739152576364,57
ORD-1432,2023-04-30,Technology,South,4193.85,12,0.1,5,2731.83692705525,1042.6280729447506,65
ORD-1433,2023-11-15,Furniture,Central,1914.95,8,0.0,1,961.6992138008501,953.25078619915,42
ORD-1434,2023-10-02,Technology,South,1936.54,8,0.0,10,1370.133100947917,566.406899052083,7
ORD-1435,2023-04-02,Office Supplies,West,2422.63,11,0.0,11,1691.9715842875573,730.6584157124428,88
ORD-1436,2023-02-27,Office Supplies,West,2276.23,13,0.2,8,1164.3377686989636,656.6462313010363,74
ORD-1437,2023-12-12,Technology,West,4974.8,9,0.3,8,3036.9911902807926,445.36880971920755,59
ORD-1438,2023-08-17,Technology,North,2772.37,1,0.1,1,2200.456551336679,294.6764486633211,5
ORD-1439,2023-04-27,Electronics,West,532.19,14,0.0,9,333.2685373700177,198.92146262998233,74
ORD-1440,2023-11-14,Office Supplies,Central,3073.7,1,0.3,2,1999.6988775261225,151.89112247387743,49
ORD-1441,2023-10-06,Office Supplies,South,842.76,3,0.3,9,651.4358220272054,-61.50382202720539,51
ORD-1442,2023-05-07,Technology,East,251.59,3,0.2,1,179.9317746047197,21.340225395280306,83
ORD-1443,2023-05-09,Furniture,Central,4856.64,10,0.1,10,3276.3915244869454,1094.584475513055,30
ORD-1444,2023-02-27,Office Supplies,Central,3890.34,8,0.2,9,2876.2894392025287,235.98256079747136,18
ORD-1445,2023-05-02,Furniture,West,4902.53,10,0.3,4,3722.5394656865205,-290.7684656865206,58
ORD-1446,2023-01-01,Technology,North,2441.6,1,0.3,9,1555.4613747861133,153.6586252138867,75
ORD-1447,2023-08-27,Technology,South,2708.06,13,0.3,7,1740.016587621192,155.62541237880794,50
ORD-1448,2023-10-17,Electronics,North,924.85,2,0.2,11,569.5367623512802,170.34323764871976,35
ORD-1449,2023-04-06,Office Supplies,South,1309.85,2,0.1,6,1034.797011250954,144.0679887490459,92
ORD-1450,2023-05-06,Furniture,South,4208.89,3,0.0,5,2984.7338228060344,1224.156177193966,63
ORD-1451,2023-04-28,Electronics,North,1845.31,13,0.2,11,968.7267068913254,507.5212931086745,99
ORD-1452,2023-02-17,Office Supplies,Central,4151.39,6,0.3,9,3150.4395851876297,-244.46658518762956,33
ORD-1453,2023-03-30,Electronics,South,3574.17,1,0.2,2,2302.3658771216296,556.9701228783704,21
ORD-1454,2023-08-25,Technology,North,968.14,2,0.3,11,504.0390220891601,173.6589779108399,18
ORD-1455,2023-09-29,Office Supplies,South,2586.49,13,0.0,2,1719.7964549922056,866.6935450077942,40
ORD-1456,2023-07-08,Electronics,East,3419.2,13,0.0,11,2137.510430802116,1281.6895691978839,62
ORD-1457,2023-07-11,Electronics,Central,1251.68,1,0.1,9,955.4384125235352,171.0735874764648,28
ORD-1458,2023-03-10,Furniture,West,4170.37,5,0.3,3,2340.4048925163443,578.8541074836558,67
ORD-1459,2023-10-05,Electronics,South,2769.66,13,0.1,8,2071.537791097836,421.15620890216394,95
ORD-1460,2023-12-15,Office Supplies,East,909.69,13,0.1,11,607.0421476453485,211.6788523546516,29
ORD-1461,2023-09-04,Office Supplies,West,2956.62,7,0.0,9,1526.7485744061019,1429.871425593898,63
ORD-1462,2023-03-17,Furniture,West,4998.6,8,0.2,8,3956.6597769616706,42.220223038329664,36
ORD-1463,2023-06-03,Office Supplies,South,837.56,10,0.2,4,547.5838071553228,122.46419284467714,86
ORD-1464,2023-05-24,Technology,North,4102.11,1,0.1,1,2409.0176557535747,1282.881344246425,22
ORD-1465,2023-03-27,Office Supplies,South,1115.81,7,0.0,4,715.0356545080101,400.77434549198983,41
ORD-1466,2023-07-04,Office Supplies,East,3933.7,13,0.3,9,2979.216548906824,-225.62654890682393,30
ORD-1467,2023-10-12,Electronics,West,3699.43,5,0.2,2,2188.1053296331506,771.4386703668492,13
ORD-1468,2023-08-08,Electronics,South,1572.4,10,0.1,3,877.0893097507063,538.0706902492938,68
ORD-1469,2023-03-10,Office Supplies,North,1696.53,1,0.2,10,913.9569727666945,443.2670272333054,76
ORD-1470,2023-02-16,Furniture,South,3983.35,3,0.2,8,2347.6184703732943,839.0615296267056,24
ORD-1471,2023-04-04,Electronics,Central,2361.08,7,0.3,6,1733.0667812045517,-80.31078120455174,58
ORD-1472,2023-08-26,Furniture,North,3681.01,10,0.0,8,2361.3234099642236,1319.6865900357766,90
ORD-1473,2023-07-23,Office Supplies,East,825.12,1,0.3,7,468.86988625188417,108.71411374811584,87
ORD-1474,2023-08-06,Office Supplies,West,4277.53,7,0.0,5,2352.023396414207,1925.5066035857926,34
ORD-1475,2023-12-07,Technology,South,3583.34,5,0.2,9,2149.3548527076105,717.3171472923896,57
ORD-1476,2023-02-08,Electronics,North,4544.02,1,0.1,4,3553.3205446640363,536.2974553359641,96
ORD-1477,2023-04-10,Office Supplies,Central,748.62,1,0.3,6,451.34899727374324,72.68500272625678,67
ORD-1478,2023-10-16,Technology,North,3005.77,14,0.0,2,2393.9071111346498,611.8628888653502,15
ORD-1479,2023-09-11,Electronics,Central,3035.69,1,0.2,2,1959.7477726787001,468.8042273212999,35
ORD-1480,2023-08-10,Office Supplies,East,1831.96,11,0.0,2,1014.4463395252475,817.5136604747526,53
ORD-1481,2023-12-23,Office Supplies,West,2346.49,9,0.0,10,1800.5603941977656,545.9296058022342,98
ORD-1482,2023-01-23,Electronics,East,286.11,11,0.0,7,182.56868274228162,103.54131725771839,91
ORD-1483,2023-09-07,Electronics,South,3754.71,13,0.2,2,2676.738027050962,327.029972949038,23
ORD-1484,2023-01-10,Electronics,North,2791.68,3,0.1,2,2219.702385783997,292.8096142160026,16
ORD-1485,2023-09-03,Office Supplies,Central,382.93,13,0.1,9,197.2290940694083,147.4079059305917,19
ORD-1486,2023-11-21,Office Supplies,Central,3435.7,5,0.1,7,1817.5140497186433,1274.6159502813566,35
ORD-1487,2023-04-10,Technology,North,2387.23,11,0.0,11,1709.5837840766405,677.6462159233595,47
ORD-1488,2023-10-17,Furniture,North,268.86,10,0.2,3,157.16144111580618,57.926558884193824,41
ORD-1489,2023-06-29,Electronics,South,4851.08,12,0.0,3,2693.7582462150062,2157.3217537849937,83
ORD-1490,2023-08-11,Office Supplies,East,4750.65,9,0.1,7,2431.4233543096793,1844.1616456903203,33
ORD-1491,2023-09-07,Office Supplies,Central,2613.22,6,0.1,5,1323.7370794089745,1028.1609205910254,30
ORD-1492,2023-05-27,Electronics,South,558.99,12,0.2,10,409.3739121863796,37.81808781362042,6
ORD-1493,2023-04-06,Furniture,East,3797.64,9,0.0,6,2051.978928334709,1745.6610716652908,88
ORD-1494,2023-09-14,Electronics,South,2510.46,8,0.3,8,1607.4881692712806,149.83383072871936,19
ORD-1495,2023-11-21,Furniture,Central,1581.99,8,0.3,9,1078.551810793737,28.841189206262925,8
ORD-1496,2023-01-04,Office Supplies,North,2507.95,1,0.1,1,1576.2604694709912,680.8945305290086,90
ORD-1497,2023-01-16,Furniture,North,2659.98,13,0.2,3,1351.6209459244,776.3630540756,54
ORD-1498,2023-10-07,Technology,East,2857.29,9,0.0,11,2100.252302498822,757.0376975011782,42
ORD-1499,2023-12-02,Office Supplies,West,2262.0,6,0.0,7,1138.134274173966,1123.865725826034,27
ORD-1500,2023-09-04,Technology,East,3068.2,9,0.1,6,2235.3891721786986,525.9908278213013,63
ORD-1501,2023-09-15,Electronics,West,4601.8,3,0.1,7,3534.1425858542552,607.4774141457449,94
ORD-1502,2023-06-09,Electronics,South,1875.11,12,0.0,8,1181.0417393120542,694.0682606879457,79
ORD-1503,2023-12-06,Electronics,South,3656.01,3,0.0,6,2415.389591121085,1240.6204088789154,32
ORD-1504,2023-06-01,Furniture,Central,4482.82,6,0.1,3,2882.8792076282807,1151.658792371719,70
ORD-1505,2023-06-27,Office Supplies,West,2334.3,9,0.0,2,1439.708903535808,894.5910964641921,12
ORD-1506,2023-06-12,Electronics,Central,2272.93,7,0.3,7,1741.5811547538058,-150.53015475380585,33
ORD-1507,2023-02-02,Electronics,North,3050.37,14,0.1,11,2343.233388882726,402.0996111172738,15
ORD-1508,2023-06-28,Office Supplies,West,2997.89,13,0.0,1,1800.967156418563,1196.9228435814368,22
ORD-1509,2023-04-11,Electronics,East,4052.29,3,0.1,3,2773.8773040488663,873.1836959511336,59
ORD-1510,2023-09-25,Technology,North,2434.77,3,0.2,11,1894.427017525766,53.38898247423407,54
ORD-1511,2023-11-19,Office Supplies,North,4981.0,2,0.1,4,3928.1040149680616,554.7959850319384,18
ORD-1512,2023-03-06,Office Supplies,East,391.41,9,0.1,1,255.4684974034781,96.80050259652192,78
ORD-1513,2023-06-17,Office Supplies,North,115.52,13,0.2,5,73.45309645193363,18.962903548066365,13
ORD-1514,2023-11-26,Technology,West,3236.97,3,0.3,10,1889.1225419493478,376.7564580506521,15
ORD-1515,2023-02-12,Office Supplies,Central,1562.33,11,0.0,3,1230.587288092472,331.742711907528,67
ORD-1516,2023-02-13,Technology,North,1277.87,5,0.2,2,693.6844345770228,328.61156542297715,80
ORD-1517,2023-10-12,Office Supplies,West,1628.31,14,0.1,3,1097.3976890922813,368.0813109077186,71
ORD-1518,2023-01-12,Furniture,South,1354.63,14,0.0,8,792.1403206666323,562.4896793333678,57
ORD-1519,2023-04-05,Electronics,West,250.87,9,0.2,6,146.43344293986553,54.26255706013447,43
ORD-1520,2023-10-29,Furniture,Central,4860.51,8,0.0,7,3020.7611605883512,1839.748839411649,82
ORD-1521,2023-09-10,Electronics,West,1181.65,2,0.0,6,944.8921017819706,236.75789821802948,60
ORD-1522,2023-08-30,Technology,East,3696.75,3,0.2,6,1909.3340084430336,1048.0659915569663,32
ORD-1523,2023-02-04,Furniture,Central,3836.72,2,0.0,3,2584.2708894213556,1252.4491105786442,79
ORD-1524,2023-08-03,Office Supplies,South,4653.36,8,0.3,8,2441.9513931945107,815.4006068054891,43
ORD-1525,2023-12-03,Electronics,East,249.69,6,0.2,7,136.4196918120998,63.33230818790018,29
ORD-1526,2023-03-31,Electronics,West,4373.04,6,0.3,7,2763.187898067167,297.9401019328327,25
ORD-1527,2023-09-21,Furniture,Central,2683.41,12,0.1,6,1752.6371463169062,662.4318536830937,14
ORD-1528,2023-04-03,Technology,South,3199.47,9,0.0,5,1848.134564037013,1351.3354359629868,47
ORD-1529,2023-03-31,Furniture,East,3257.9,8,0.1,10,1938.2457060027282,993.864293997272,19
ORD-1530,2023-04-25,Technology,South,4117.01,4,0.1,8,2165.918227619164,1539.390772380836,87
ORD-1531,2023-04-15,Technology,West,1733.7,12,0.0,5,1024.5576417752334,709.1423582247667,52
ORD-1532,2023-07-15,Electronics,South,3691.95,4,0.2,9,2916.5206290813,37.0393709187,90
ORD-1533,2023-11-10,Furniture,North,2690.03,9,0.0,9,2107.402359376128,582.6276406238721,25
ORD-1534,2023-04-24,Furniture,East,3987.63,1,0.1,1,2394.426214829684,1194.4407851703163,64
ORD-1535,2023-03-16,Technology,South,4953.68,13,0.1,6,3325.188318119613,1133.1236818803873,54
ORD-1536,2023-08-05,Furniture,West,1083.19,2,0.2,7,837.1743895092392,29.377610490760844,27
ORD-1537,2023-10-04,Office Supplies,West,4973.78,2,0.0,3,2496.117092012452,2477.662907987548,17
ORD-1538,2023-09-06,Office Supplies,South,540.08,13,0.1,7,401.3901948003781,84.68180519962195,73
ORD-1539,2023-06-13,Furniture,West,111.36,13,0.3,11,87.36313001957221,-9.411130019572212,8
ORD-1540,2023-12-23,Furniture,Central,316.39,6,0.1,11,166.86336472573825,117.88763527426174,96
ORD-1541,2023-07-11,Technology,Central,1774.73,4,0.1,7,973.3228155499618,623.9341844500382,82
ORD-1542,2023-08-15,Office Supplies,Central,3201.24,13,0.2,11,2523.293848285132,37.69815171486789,76
ORD-1543,2023-06-26,Office Supplies,North,438.24,11,0.3,2,289.79147776468363,16.976522235316367,13
ORD-1544,2023-04-09,Electronics,South,127.76,10,0.1,7,64.42412860603223,50.559871393967775,39
ORD-1545,2023-02-05,Technology,North,4691.75,13,0.1,1,2708.498479059637,1514.0765209403633,25
ORD-1546,2023-04-06,Electronics,West,4127.44,3,0.3,5,2620.8546556772785,268.35334432272134,62
ORD-1547,2023-06-01,Office Supplies,North,4065.0,3,0.0,9,2877.502416994704,1187.4975830052958,22
ORD-1548,2023-05-31,Technology,West,4433.68,3,0.0,7,3192.01955160127,1241.6604483987303,76
ORD-1549,2023-07-09,Furniture,West,3530.17,6,0.1,7,2819.2871486852173,357.86585131478273,85
ORD-1550,2023-08-12,Technology,East,611.58,14,0.1,11,358.5408297957358,191.8811702042642,47
ORD-1551,2023-02-06,Furniture,Central,2055.59,8,0.0,2,1359.702957759946,695.8870422400541,99
ORD-1552,2023-09-25,Furniture,West,3643.43,11,0.2,8,2404.6531041934363,510.0908958065635,10
ORD-1553,2023-07-02,Technology,East,1473.64,7,0.3,3,916.1525240395481,115.39547596045196,90
ORD-1554,2023-01-13,Furniture,Central,3468.29,14,0.3,8,1910.1557514384183,517.6472485615818,82
ORD-1555,2023-10-06,Electronics,West,220.04,4,0.2,3,174.54386264889183,1.4881373511081577,71
ORD-1556,2023-08-05,Office Supplies,West,1600.07,11,0.2,10,1209.6451692608812,70.41083073911875,16
ORD-1557,2023-12-21,Furniture,North,2790.74,12,0.2,7,1812.5853746145578,420.0066253854419,16
ORD-1558,2023-12-27,Electronics,North,3197.24,4,0.2,2,2177.2361185666864,380.5558814333134,70
ORD-1559,2023-10-13,Furniture,Central,2927.5,11,0.2,4,1663.3420202887735,678.6579797112265,6
ORD-1560,2023-09-30,Office Supplies,West,3519.01,10,0.2,11,2333.5826415737783,481.62535842622174,19
ORD-1561,2023-03-03,Electronics,South,129.83,11,0.3,6,91.98339171494838,-1.102391714948375,27
ORD-1562,2023-03-25,Office Supplies,North,594.61,11,0.2,11,389.2020400246849,86.48595997531511,33
ORD-1563,2023-08-05,Office Supplies,Central,4357.83,14,0.0,9,3473.5633274790525,884.2666725209474,85
ORD-1564,2023-12-08,Electronics,West,3440.57,11,0.2,5,2351.294128670872,401.1618713291282,11
ORD-1565,2023-07-06,Electronics,West,653.37,2,0.2,9,399.3999283789036,123.29607162109639,98
ORD-1566,2023-01-19,Electronics,South,4226.16,14,0.3,5,3092.051403908685,-133.7394039086853,32
ORD-1567,2023-06-26,Technology,Central,1286.93,1,0.3,10,709.2769960089288,191.57400399107127,18
ORD-1568,2023-04-10,Electronics,West,2443.47,9,0.2,8,1503.6008565950551,451.1751434049447,48
ORD-1569,2023-08-21,Electronics,North,811.46,12,0.3,1,490.1929929620187,77.82900703798134,34
ORD-1570,2023-03-17,Electronics,South,3579.54,12,0.1,7,2253.4712307666277,968.1147692333723,85
ORD-1571,2023-09-22,Electronics,Central,3367.59,2,0.3,4,2473.609177199796,-116.2961771997957,36
ORD-1572,2023-10-11,Furniture,South,1134.45,13,0.3,5,732.0060289013333,62.108971098666814,74
ORD-1573,2023-07-25,Technology,North,4330.66,8,0.3,6,3196.9119857566384,-165.4499857566384,92
ORD-1574,2023-08-11,Office Supplies,Central,2066.4,9,0.3,5,1390.5770008344657,55.902999165534425,10
ORD-1575,2023-02-21,Electronics,South,1533.32,4,0.0,1,924.0105716647369,609.3094283352631,31
ORD-1576,2023-12-05,Furniture,East,846.41,8,0.0,9,628.8772325323384,217.53276746766153,86
ORD-1577,2023-05-24,Furniture,North,1404.22,9,0.0,2,802.4933363552187,601.7266636447813,92
ORD-1578,2023-03-10,Furniture,North,207.93,10,0.2,9,117.96178589693145,48.382214103068556,28
ORD-1579,2023-04-09,Office Supplies,North,2957.96,10,0.2,10,1926.6698407711724,439.69815922882765,38
ORD-1580,2023-01-25,Electronics,East,4226.93,5,0.1,2,2444.24245097036,1359.9945490296402,44
ORD-1581,2023-02-22,Technology,East,2790.0,13,0.0,9,1402.605848254168,1387.394151745832,51
ORD-1582,2023-05-31,Technology,West,1174.44,14,0.2,6,815.6359643882414,123.91603561175862,83
ORD-1583,2023-05-24,Furniture,South,264.98,7,0.3,11,173.11889224412684,12.367107755873178,79
ORD-1584,2023-02-26,Office Supplies,West,1151.68,10,0.3,9,729.7681869786452,76.40781302135485,90
ORD-1585,2023-02-08,Office Supplies,South,2138.99,4,0.0,6,1689.9957949250288,448.994205074971,28
ORD-1586,2023-04-19,Office Supplies,East,3822.1,1,0.1,6,2566.0041203073956,873.8858796926042,69
ORD-1587,2023-06-30,Technology,East,1020.43,3,0.1,11,774.5364454770864,143.8505545229135,22
ORD-1588,2023-02-11,Furniture,West,3626.98,5,0.3,2,1965.2249653134174,573.6610346865825,48
ORD-1589,2023-07-05,Electronics,Central,4347.97,3,0.1,8,2916.4527876478573,996.7202123521429,80
ORD-1590,2023-08-11,Technology,West,2324.34,12,0.0,3,1767.4139296787123,556.9260703212879,61
ORD-1591,2023-05-02,Furniture,South,4125.02,13,0.3,7,2784.106873268418,103.40712673158237,32
ORD-1592,2023-05-13,Furniture,West,2817.82,11,0.2,5,2015.8804134229483,238.37558657705176,75
ORD-1593,2023-06-12,Electronics,North,3221.75,7,0.2,3,1970.4644093796937,606.9355906203062,27
ORD-1594,2023-08-03,Electronics,South,2678.76,12,0.1,1,1413.6750204774637,997.2089795225365,89
ORD-1595,2023-08-09,Electronics,South,2369.55,9,0.3,8,1510.280293295506,148.40470670449417,38
ORD-1596,2023-08-23,Office Supplies,Central,1249.8,12,0.3,3,772.8061028011213,102.0538971988787,15
ORD-1597,2023-11-27,Electronics,East,1585.65,6,0.2,2,1205.2811934567535,63.23880654324654,90
ORD-1598,2023-05-26,Furniture,South,1520.85,13,0.3,1,871.7490766748272,192.8459233251728,39
ORD-1599,2023-08-27,Electronics,East,2860.12,10,0.3,4,2259.552769657314,-257.46876965731406,97
ORD-1600,2023-03-17,Furniture,West,687.77,1,0.3,8,541.5785963973815,-60.139596397381496,46
ORD-1601,2023-01-09,Technology,North,4592.28,7,0.1,3,2637.298152553232,1495.7538474467678,32
ORD-1602,2023-03-15,Office Supplies,Central,3631.21,3,0.3,1,2194.75992237464,347.0870776253598,86
ORD-1603,2023-09-10,Technology,East,2067.08,5,0.0,4,1588.895608253677,478.18439174632294,82
ORD-1604,2023-08-18,Technology,South,877.26,10,0.1,9,693.0237028509958,96.51029714900415,86
ORD-1605,2023-01-07,Furniture,East,4421.76,4,0.3,1,2799.114386206892,296.11761379310815,96
ORD-1606,2023-06-23,Technology,South,4136.51,10,0.3,11,2466.5972467792094,428.95975322079084,28
ORD-1607,2023-05-21,Furniture,East,3636.44,5,0.0,2,2392.1527940645315,1244.2872059354686,12
ORD-1608,2023-06-17,Electronics,South,1430.58,5,0.1,9,1010.4626613728078,277.0593386271921,57
ORD-1609,2023-06-19,Electronics,West,2071.99,6,0.2,2,1205.9859383335413,451.6060616664585,76
ORD-1610,2023-10-10,Furniture,South,603.47,14,0.2,3,435.06684000621163,47.709159993788376,8
ORD-1611,2023-05-02,Electronics,South,1026.29,10,0.1,7,529.0496287099554,394.61137129004453,95
ORD-1612,2023-07-13,Office Supplies,North,3936.78,12,0.3,3,2026.6084719675298,729.1375280324703,9
ORD-1613,2023-01-05,Technology,South,3603.69,10,0.3,9,2219.463342046785,303.1196579532152,53
ORD-1614,2023-01-29,Office Supplies,North,3008.08,13,0.2,6,1823.0226918722037,583.4413081277962,34
ORD-1615,2023-06-14,Technology,Central,4489.06,13,0.2,3,2669.598932532821,921.6490674671793,76
ORD-1616,2023-12-05,Electronics,North,2958.01,11,0.2,9,1914.7374104516791,451.670589548321,67
ORD-1617,2023-05-16,Office Supplies,West,2388.14,6,0.0,1,1423.8570091784666,964.2829908215333,51
ORD-1618,2023-12-31,Electronics,North,1767.82,8,0.2,10,985.8732180278787,428.3827819721212,30
ORD-1619,2023-11-17,Technology,Central,4708.2,8,0.0,3,2791.213359305685,1916.9866406943147,61
ORD-1620,2023-12-08,Furniture,West,505.31,11,0.1,1,400.443663428122,54.335336571877974,41
ORD-1621,2023-05-25,Furniture,East,4661.35,9,0.3,2,2905.5780578926815,357.3669421073189,11
ORD-1622,2023-11-23,Office Supplies,East,4150.9,8,0.2,8,2629.2374796383797,691.48252036162,44
ORD-1623,2023-08-05,Electronics,North,736.66,13,0.3,7,495.745289689222,19.916710310778,96
ORD-1624,2023-10-28,Electronics,North,2868.42,11,0.3,2,2280.4002980804207,-272.5062980804206,43
ORD-1625,2023-05-12,Office Supplies,Central,4346.09,2,0.2,2,2488.0512674514116,988.8207325485885,66
ORD-1626,2023-10-19,Furniture,Central,2901.86,14,0.2,9,2044.0255915808948,277.46240841910526,96
ORD-1627,2023-03-11,Technology,South,4545.28,14,0.1,6,3248.9452723583986,841.8067276416011,82
ORD-1628,2023-09-09,Office Supplies,Central,4720.62,12,0.0,5,3220.394336520505,1500.2256634794949,57
ORD-1629,2023-10-02,Technology,South,2169.68,10,0.0,10,1142.4959955828501,1027.1840044171497,8
ORD-1630,2023-12-30,Furniture,West,1948.84,12,0.3,6,1370.1547298071441,-5.966729807144134,86
ORD-1631,2023-07-01,Electronics,North,4687.97,11,0.2,9,2434.1272247488782,1316.248775251122,29
ORD-1632,2023-06-16,Furniture,West,3408.19,1,0.1,11,2313.6252250308394,753.7457749691607,11
ORD-1633,2023-04-01,Office Supplies,Central,668.51,10,0.1,7,482.5802238353522,119.07877616464782,32
ORD-1634,2023-07-21,Electronics,West,307.23,2,0.1,10,173.05988384855021,103.4471161514498,73
ORD-1635,2023-12-12,Office Supplies,West,2866.68,2,0.1,10,2157.138292974816,422.87370702518376,71
ORD-1636,2023-01-19,Office Supplies,West,4657.84,12,0.1,9,2371.334950869155,1820.7210491308451,99
ORD-1637,2023-02-08,Furniture,Central,4236.82,3,0.0,4,3190.9349651014354,1045.8850348985643,24
ORD-1638,2023-05-06,Office Supplies,West,3411.65,10,0.0,2,2176.969481687617,1234.680518312383,87
ORD-1639,2023-06-22,Furniture,South,781.67,7,0.0,8,441.85958950191053,339.8104104980894,15
ORD-1640,2023-05-21,Electronics,Central,1345.73,2,0.2,4,726.8737789188198,349.71022108118024,71
ORD-1641,2023-08-30,Furniture,West,4390.01,14,0.3,9,3450.5133996274876,-377.5063996274873,91
ORD-1642,2023-08-08,Electronics,Central,995.76,1,0.1,4,519.5872456469438,376.5967543530562,11
ORD-1643,2023-05-06,Furniture,East,1464.35,14,0.2,8,819.6377348449519,351.84226515504804,27
ORD-1644,2023-02-27,Technology,South,735.04,6,0.1,9,444.2190014771558,217.31699852284413,65
ORD-1645,2023-05-28,Technology,West,3412.93,9,0.0,9,2341.5104369194632,1071.4195630805366,75
ORD-1646,2023-11-13,Office Supplies,East,4725.51,3,0.2,10,3135.0938929449167,645.3141070550835,38
ORD-1647,2023-12-27,Furniture,East,1417.94,6,0.0,4,762.416480089335,655.5235199106651,23
ORD-1648,2023-01-01,Furniture,Central,2429.49,3,0.1,1,1425.9123717636464,760.6286282363534,62
ORD-1649,2023-12-14,Electronics,East,3208.26,14,0.1,3,1833.9233271313342,1053.510672868666,13
ORD-1650,2023-07-09,Office Supplies,South,4997.38,13,0.3,9,2818.8364370518825,679.3295629481177,52
ORD-1651,2023-07-10,Furniture,South,613.56,1,0.1,4,382.45851572719823,169.74548427280172,86
ORD-1652,2023-11-08,Office Supplies,North,2543.0,14,0.0,5,1808.605595182175,734.394404817825,45
ORD-1653,2023-04-27,Technology,South,1987.09,13,0.1,7,1123.174564123864,665.2064358761359,52
ORD-1654,2023-05-14,Furniture,East,4342.52,12,0.3,5,2648.9531106063378,390.8108893936626,49
ORD-1655,2023-02-27,Furniture,South,2432.24,5,0.3,4,1501.3615006780444,201.20649932195545,29
ORD-1656,2023-02-13,Office Supplies,Central,643.79,10,0.0,2,510.4848847255668,133.30511527443315,82
ORD-1657,2023-06-22,Furniture,North,3208.68,14,0.2,2,2523.305653797219,43.63834620278101,29
ORD-1658,2023-06-09,Office Supplies,East,3876.83,13,0.1,4,2869.0142154822197,620.1327845177802,23
ORD-1659,2023-06-22,Furniture,North,114.12,11,0.3,10,65.33343481316562,14.550565186834383,43
ORD-1660,2023-11-13,Electronics,East,4308.89,4,0.1,10,2242.3945906949366,1635.6064093050636,83
ORD-1661,2023-10-30,Office Supplies,Central,1011.51,7,0.1,9,601.9205113037367,308.4384886962633,84
ORD-1662,2023-05-29,Furniture,North,2805.14,6,0.2,8,1627.088818719645,617.023181280355,31
ORD-1663,2023-03-21,Technology,West,2137.41,10,0.3,3,1393.1162593472711,103.07074065272877,78
ORD-1664,2023-08-01,Furniture,East,3626.3,7,0.1,9,2659.2324160836515,604.4375839163486,67
ORD-1665,2023-07-22,Technology,West,1918.69,5,0.3,5,1453.401691879243,-110.3186918792428,72
ORD-1666,2023-09-09,Technology,North,4361.84,4,0.0,11,3286.468588692092,1075.3714113079081,23
ORD-1667,2023-08-17,Electronics,West,3679.43,7,0.0,3,2236.7353150692975,1442.6946849307024,32
ORD-1668,2023-06-13,Office Supplies,West,3273.79,7,0.1,5,2311.853276383445,634.5577236165549,89
ORD-1669,2023-08-15,Furniture,North,4001.58,6,0.3,10,2376.3393204386903,424.76667956130973,82
ORD-1670,2023-05-27,Electronics,Central,3794.71,8,0.1,4,1966.690662190994,1448.548337809006,37
ORD-1671,2023-01-20,Furniture,West,276.1,4,0.3,8,196.16065094989173,-2.8906509498917075,14
ORD-1672,2023-02-16,Technology,West,2034.2,10,0.3,5,1023.0973622312387,400.8426377687614,87
ORD-1673,2023-08-21,Office Supplies,Central,4660.96,5,0.2,10,2902.6351018521555,826.1328981478446,34
ORD-1674,2023-11-01,Furniture,West,716.05,4,0.2,8,428.7806077351254,144.05939226487456,26
ORD-1675,2023-01-14,Furniture,West,3711.77,12,0.2,9,2627.9823838444368,341.4336161555632,7
ORD-1676,2023-05-23,Technology,West,4875.5,1,0.1,4,3558.4989407329685,829.4510592670315,86
ORD-1677,2023-01-01,Furniture,South,355.77,12,0.2,7,210.34132459185108,74.27467540814891,79
ORD-1678,2023-02-23,Furniture,Central,3442.75,8,0.2,2,2559.643671194006,194.55632880599399,52
ORD-1679,2023-09-16,Technology,West,2393.96,1,0.0,6,1408.0674903935173,985.8925096064827,6
ORD-1680,2023-05-24,Electronics,Central,2937.96,5,0.3,8,1862.3666977758353,194.2053022241647,80
ORD-1681,2023-01-12,Technology,East,518.17,6,0.3,7,372.1007570428741,-9.381757042874113,58
ORD-1682,2023-11-26,Electronics,East,310.73,6,0.2,7,219.9583308481056,28.62566915189442,10
ORD-1683,2023-08-12,Office Supplies,West,3367.65,13,0.3,8,2681.358430734654,-324.003430734654,44
ORD-1684,2023-09-29,Electronics,Central,4134.22,5,0.0,7,2346.369562860197,1787.850437139803,97
ORD-1685,2023-12-24,Electronics,Central,3931.88,3,0.0,5,2747.1863673664043,1184.6936326335958,98
ORD-1686,2023-06-05,Office Supplies,Central,2764.65,5,0.2,7,1887.9921263143885,323.7278736856115,6
ORD-1687,2023-01-08,Electronics,South,589.35,12,0.0,10,456.4689822461098,132.8810177538902,77
ORD-1688,2023-05-02,Technology,East,3471.42,8,0.3,3,1898.5495997246555,531.4444002753446,6
ORD-1689,2023-12-14,Electronics,Central,1285.26,14,0.1,5,932.5068323195225,224.22716768047752,97
ORD-1690,2023-06-13,Office Supplies,Central,4564.24,2,0.3,7,3060.234304735569,134.73369526443093,78
ORD-1691,2023-03-31,Technology,South,4207.5,6,0.1,9,2450.4469941397833,1336.3030058602167,59
ORD-1692,2023-05-16,Office Supplies,South,3575.98,9,0.2,2,2296.9609292876034,563.8230707123965,76
ORD-1693,2023-07-05,Office Supplies,Central,4749.35,8,0.1,4,2850.2415643880336,1424.1734356119669,64
ORD-1694,2023-11-12,Furniture,North,253.97,14,0.0,7,171.12346747185563,82.84653252814437,10
ORD-1695,2023-06-27,Furniture,Central,3707.38,11,0.3,1,2842.448925356623,-247.28292535662285,23
ORD-1696,2023-01-28,Office Supplies,Central,1718.19,8,0.1,2,1152.5472393501605,393.8237606498396,31
ORD-1697,2023-08-08,Office Supplies,South,4539.72,8,0.3,9,3130.2128690776685,47.591130922331786,5
ORD-1698,2023-12-23,Office Supplies,South,1406.71,13,0.2,10,922.2733352044199,203.09466479558006,37
ORD-1699,2023-02-10,Furniture,Central,3651.8,7,0.2,7,1881.953858931277,1039.486141068723,44
ORD-1700,2023-08-16,Furniture,Central,4400.47,8,0.0,10,2507.6411281329642,1892.828871867036,36
ORD-1701,2023-07-11,Electronics,Central,304.12,13,0.2,7,196.94826978646552,46.34773021353448,73
ORD-1702,2023-05-25,Electronics,South,2048.47,6,0.1,6,1214.8873015077545,628.7356984922453,21
ORD-1703,2023-07-20,Office Supplies,Central,3835.31,2,0.2,3,2126.7909232388456,941.4570767611543,12
ORD-1704,2023-07-31,Technology,Central,2329.1,2,0.0,10,1516.8027406336705,812.2972593663294,61
ORD-1705,2023-08-08,Technology,West,1409.54,8,0.3,3,841.2739948769448,145.40400512305519,46
ORD-1706,2023-08-28,Furniture,North,1177.05,11,0.3,2,679.6666804191804,144.26831958081965,13
ORD-1707,2023-02-15,Furniture,East,744.44,1,0.2,11,475.84279124779516,119.70920875220489,91
ORD-1708,2023-02-04,Furniture,North,4299.93,6,0.1,6,2321.898893956584,1548.0381060434165,39
ORD-1709,2023-09-10,Office Supplies,West,2919.24,13,0.0,4,2272.113736146916,647.1262638530839,75
ORD-1710,2023-03-23,Technology,East,474.29,6,0.1,5,360.6077284066348,66.25327159336521,83
ORD-1711,2023-09-13,Electronics,Central,1974.64,11,0.0,3,1406.5087740280073,568.1312259719928,57
ORD-1712,2023-07-16,Office Supplies,West,1901.89,4,0.2,6,1011.5471049656627,509.96489503433736,58
ORD-1713,2023-10-30,Electronics,Central,990.52,12,0.0,11,725.8165814291962,264.7034185708038,88
ORD-1714,2023-01-10,Electronics,South,2233.99,11,0.0,3,1658.48557742668,575.5044225733197,29
ORD-1715,2023-11-08,Office Supplies,West,1727.29,13,0.2,8,1261.4906439595395,120.34135604046043,71
ORD-1716,2023-10-13,Electronics,South,1774.84,11,0.1,9,948.1013645284143,649.2546354715856,66
ORD-1717,2023-08-30,Technology,West,3721.23,13,0.2,4,2579.453882123784,397.5301178762161,59
ORD-1718,2023-09-08,Electronics,West,1193.99,10,0.0,9,895.8476388630473,298.1423611369527,50
ORD-1719,2023-12-31,Technology,South,3245.11,3,0.2,7,2184.627588749587,411.4604112504129,28
ORD-1720,2023-01-05,Technology,East,2896.18,13,0.0,3,2009.7236335964262,886.4563664035736,50
ORD-1721,2023-04-29,Technology,North,2883.65,11,0.2,7,1838.3529542343003,468.56704576569973,26
ORD-1722,2023-10-16,Furniture,Central,3348.74,3,0.3,1,2205.521005116557,138.59699488344313,15
ORD-1723,2023-03-06,Electronics,West,2787.07,13,0.3,3,1422.278213181903,528.6707868180971,52
ORD-1724,2023-05-26,Office Supplies,Central,4408.35,13,0.2,6,3049.2067913747787,477.47320862522156,12
ORD-1725,2023-08-12,Office Supplies,South,3410.34,1,0.1,4,1788.4988064033707,1280.8071935966293,43
ORD-1726,2023-08-27,Electronics,Central,2780.12,3,0.0,7,1752.8778322051426,1027.2421677948573,39
ORD-1727,2023-06-26,Furniture,South,4165.84,4,0.3,3,2448.6662936200382,467.42170637996196,53
ORD-1728,2023-09-24,Furniture,Central,3070.12,11,0.1,1,2037.4187775511955,725.6892224488045,50
ORD-1729,2023-12-07,Technology,North,1526.61,11,0.0,9,824.407413591925,702.2025864080749,42
ORD-1730,2023-10-09,Electronics,North,1114.77,5,0.3,6,788.6919945653387,-8.352994565338747,12
ORD-1731,2023-03-04,Electronics,North,846.41,3,0.3,8,625.076714491488,-32.589714491488024,58
ORD-1732,2023-08-05,Office Supplies,North,4507.33,6,0.2,3,2474.5527235882464,1131.3112764117536,41
ORD-1733,2023-12-08,Electronics,North,3579.66,11,0.0,8,1901.8516158810116,1677.8083841189882,95
ORD-1734,2023-11-11,Furniture,North,4693.15,14,0.1,2,2551.452796413048,1672.3822035869516,96
ORD-1735,2023-10-10,Electronics,South,3056.13,12,0.1,4,2332.249756723461,418.2672432765392,44
ORD-1736,2023-06-26,Office Supplies,West,2419.66,5,0.1,3,1593.2415287304154,584.4524712695844,38
ORD-1737,2023-04-08,Technology,Central,392.61,3,0.0,10,251.34040189275171,141.2695981072483,83
ORD-1738,2023-04-15,Office Supplies,North,3391.05,6,0.1,1,1804.0845342501116,1247.8604657498886,21
ORD-1739,2023-04-09,Office Supplies,South,2952.82,6,0.1,7,2051.8165903616277,605.7214096383724,37
ORD-1740,2023-11-07,Technology,South,4952.02,14,0.1,11,3765.5154017168975,691.302598283103,51
ORD-1741,2023-01-06,Office Supplies,South,1271.88,8,0.2,10,951.9459130425341,65.55808695746595,56
ORD-1742,2023-07-16,Office Supplies,West,2700.61,2,0.2,2,1857.5238822861927,302.96411771380735,84
ORD-1743,2023-12-17,Electronics,Central,3289.69,1,0.0,4,1719.1380924145533,1570.5519075854468,97
ORD-1744,2023-05-13,Electronics,West,3258.5,4,0.0,9,1739.1237139159114,1519.3762860840886,13
ORD-1745,2023-12-24,Technology,East,2850.34,7,0.1,6,1467.3342134955853,1097.9717865044147,37
ORD-1746,2023-09-16,Electronics,South,3906.95,11,0.2,8,2255.2625274625757,870.2974725374241,64
ORD-1747,2023-01-23,Electronics,East,1104.41,10,0.3,2,597.1527642839778,175.93423571602222,97
ORD-1748,2023-02-22,Office Supplies,North,3655.57,3,0.3,7,2112.9721443516773,445.92685564832277,81
ORD-1749,2023-06-14,Furniture,North,3136.7,3,0.1,6,1930.6934810121,892.3365189878998,25
ORD-1750,2023-07-21,Electronics,West,4490.77,5,0.1,9,3515.8006391669405,525.8923608330599,62
ORD-1751,2023-03-24,Furniture,Central,4251.25,5,0.2,7,2904.0833672440754,496.91663275592464,89
ORD-1752,2023-05-25,Electronics,East,1644.22,13,0.2,1,1233.9741793686921,81.40182063130783,73
ORD-1753,2023-03-26,Electronics,Central,1453.56,10,0.2,8,1036.5415582126254,126.30644178737452,14
ORD-1754,2023-03-19,Technology,West,4910.1,3,0.0,11,2620.7704863596446,2289.329513640356,10
ORD-1755,2023-01-01,Technology,North,2683.6,9,0.0,10,1934.2748007635387,749.3251992364612,17
ORD-1756,2023-02-20,Technology,Central,4541.46,4,0.1,3,2645.5351699936505,1441.7788300063496,69
ORD-1757,2023-06-22,Furniture,Central,903.02,13,0.0,2,624.6481503979479,278.37184960205207,24
ORD-1758,2023-07-24,Office Supplies,North,3249.81,13,0.2,3,1957.323489469416,642.5245105305839,61
ORD-1759,2023-09-17,Electronics,East,4068.31,3,0.2,11,3251.807013608674,2.8409863913259414,50
ORD-1760,2023-10-15,Electronics,North,4742.24,11,0.0,6,2746.0673104386397,1996.1726895613601,12
ORD-1761,2023-02-03,Electronics,Central,1752.97,2,0.3,3,1023.2772024059515,203.8017975940486,14
ORD-1762,2023-12-14,Furniture,East,3652.41,10,0.1,10,2845.963995881598,441.20500411840203,77
ORD-1763,2023-04-05,Technology,East,2740.18,13,0.3,5,1390.3490314089074,527.7769685910924,71
ORD-1764,2023-03-13,Office Supplies,North,397.08,11,0.1,6,281.53237899140674,75.83962100859324,15
ORD-1765,2023-02-08,Furniture,Central,3481.0,9,0.3,8,2497.9583498454776,-61.258349845477596,16
ORD-1766,2023-06-03,Technology,West,3481.47,4,0.0,7,2614.2830777690947,867.1869222309051,14
ORD-1767,2023-09-07,Furniture,Central,4659.97,3,0.1,11,3692.242386318793,501.7306136812074,29
ORD-1768,2023-06-11,Office Supplies,South,2536.83,7,0.1,8,2010.895864972251,272.2511350277489,53
ORD-1769,2023-04-28,Technology,West,1228.23,8,0.1,3,638.1674615837575,467.23953841624257,53
ORD-1770,2023-09-16,Furniture,East,318.36,11,0.2,4,237.67223003748424,17.01576996251577,93
ORD-1771,2023-11-02,Office Supplies,West,2136.65,14,0.2,6,1482.6064359247134,226.71356407528663,15
ORD-1772,2023-09-25,Electronics,East,1579.39,2,0.3,11,1096.4167080822551,9.156291917744966,66
ORD-1773,2023-02-23,Office Supplies,East,3829.33,7,0.0,7,2062.1132673450347,1767.2167326549652,40
ORD-1774,2023-08-24,Electronics,West,1835.91,12,0.2,9,1276.060536224772,192.66746377522804,43
ORD-1775,2023-08-10,Furniture,East,4750.45,5,0.1,1,3775.3953125051594,500.0096874948404,57
ORD-1776,2023-09-08,Technology,East,4815.32,11,0.2,8,3724.8694582824073,127.38654171759242,94
ORD-1777,2023-11-09,Technology,South,3142.45,5,0.0,8,1985.2088435138608,1157.241156486139,82
ORD-1778,2023-04-22,Furniture,Central,4650.44,3,0.2,6,2380.9526958665756,1339.399304133424,60
ORD-1779,2023-09-12,Technology,Central,3828.19,5,0.1,4,2330.1734946451656,1115.1975053548344,5
ORD-1780,2023-10-30,Technology,South,2779.61,12,0.3,3,2078.9178322084063,-133.19083220840616,60
ORD-1781,2023-07-26,Electronics,West,983.51,2,0.1,11,698.7344143846017,186.4245856153983,8
ORD-1782,2023-08-17,Furniture,North,2347.13,4,0.0,3,1497.006782306273,850.1232176937272,34
ORD-1783,2023-12-07,Office Supplies,North,2848.28,6,0.3,6,1471.2233801686587,522.5726198313415,16
ORD-1784,2023-03-07,Electronics,North,4333.41,1,0.2,8,2721.6779647490334,745.0500352509664,39
ORD-1785,2023-03-16,Furniture,South,2458.53,10,0.2,7,1575.1985655133826,391.6254344866175,81
ORD-1786,2023-04-13,Electronics,South,4498.61,4,0.2,11,3502.4677617498664,96.42023825013325,56
ORD-1787,2023-07-11,Office Supplies,East,3404.31,6,0.3,1,2356.8917499857344,26.125250014265703,35
ORD-1788,2023-09-09,Office Supplies,North,771.3,9,0.1,11,457.7633683847192,236.4066316152808,91
ORD-1789,2023-08-14,Furniture,West,4975.41,14,0.3,6,3271.807123839229,210.97987616077103,72
ORD-1790,2023-10-21,Office Supplies,West,2683.44,11,0.3,7,1394.8966365666893,483.51136343331075,56
ORD-1791,2023-11-02,Electronics,North,2020.11,11,0.0,7,1599.463445555517,420.64655444448294,84
ORD-1792,2023-04-08,Office Supplies,North,3329.66,13,0.3,9,2024.4931159187984,306.2688840812016,11
ORD-1793,2023-12-04,Electronics,North,633.58,2,0.2,11,407.62015961775944,99.24384038224059,26
ORD-1794,2023-10-13,Electronics,South,3219.04,11,0.1,11,1952.6219973282869,944.5140026717131,97
ORD-1795,2023-12-01,Office Supplies,South,2541.36,7,0.1,10,1791.0324031344321,496.191596865568,79
ORD-1796,2023-12-13,Furniture,South,2092.7,6,0.1,5,1462.1059713209017,421.3240286790981,60
ORD-1797,2023-11-04,Technology,Central,4769.8,2,0.2,1,3408.4833070285617,407.3566929714384,62
ORD-1798,2023-09-06,Office Supplies,West,2660.44,8,0.2,2,1544.2336921366216,584.1183078633784,97
ORD-1799,2023-06-15,Electronics,West,1173.68,7,0.2,4,697.9881348917924,240.9558651082077,68
ORD-1800,2023-12-01,Electronics,East,2348.92,11,0.2,5,1262.7215365239515,616.4144634760485,16
ORD-1801,2023-01-30,Office Supplies,South,4605.0,5,0.2,9,3208.087026105404,475.9129738945958,11
ORD-1802,2023-09-04,Furniture,Central,962.87,12,0.3,11,492.930837999304,181.078162000696,59
ORD-1803,2023-04-16,Furniture,Central,1148.39,5,0.2,1,780.1067251875356,138.60527481246444,66
ORD-1804,2023-02-20,Electronics,West,163.84,7,0.2,3,124.66729213222753,6.404707867772473,94
ORD-1805,2023-03-22,Electronics,South,169.53,9,0.2,5,130.07183222986248,5.5521677701375225,77
ORD-1806,2023-05-13,Furniture,East,4164.02,11,0.2,3,2642.950664480719,688.2653355192815,81
ORD-1807,2023-10-12,Technology,South,3687.4,9,0.1,4,2351.7909259750663,966.8690740249338,59
ORD-1808,2023-05-18,Office Supplies,North,1839.7,9,0.2,3,962.3300617939549,509.4299382060451,40
ORD-1809,2023-07-03,Electronics,South,3521.72,6,0.3,4,2469.533981620974,-4.329981620973967,93
ORD-1810,2023-11-26,Electronics,North,2036.51,10,0.3,1,1520.0059066550511,-94.44890665505113,28
ORD-1811,2023-09-30,Furniture,North,4769.19,6,0.3,8,2734.636931961075,603.7960680389249,48
ORD-1812,2023-12-06,Office Supplies,East,4838.56,3,0.0,4,3030.8268781507804,1807.73312184922,21
ORD-1813,2023-03-10,Furniture,West,2024.69,1,0.1,7,1521.8618850265827,300.35911497341726,6
ORD-1814,2023-02-03,Office Supplies,South,4285.69,7,0.2,2,3270.5649251166774,157.9870748833223,17
ORD-1815,2023-09-19,Office Supplies,North,3888.14,4,0.0,2,2227.725342539364,1660.4146574606357,35
ORD-1816,2023-02-22,Office Supplies,South,1619.0,1,0.2,6,1076.9121571967407,218.28784280325925,97
ORD-1817,2023-07-24,Electronics,West,1237.0,8,0.0,2,689.9342082009554,547.0657917990446,32
ORD-1818,2023-05-06,Technology,West,2345.35,12,0.0,6,1244.3574078424126,1100.9925921575873,64
ORD-1819,2023-08-23,Furniture,Central,3928.61,6,0.3,11,3038.136133892038,-288.1091338920378,31
ORD-1820,2023-02-12,Technology,West,4804.82,6,0.3,2,3585.127259945357,-221.75325994535706,19
ORD-1821,2023-08-28,Furniture,East,3841.54,2,0.0,4,2796.6813430018897,1044.8586569981103,99
ORD-1822,2023-04-21,Office Supplies,North,4290.51,1,0.3,7,2208.0247135592904,795.3322864407098,83
ORD-1823,2023-09-06,Electronics,Central,3055.02,13,0.0,8,2300.7925008917073,754.2274991082927,37
ORD-1824,2023-05-31,Technology,East,4193.5,14,0.1,3,2647.831349692768,1126.318650307232,24
ORD-1825,2023-07-02,Electronics,South,3943.66,14,0.3,9,2376.9169855810846,383.64501441891525,46
ORD-1826,2023-12-02,Furniture,North,1947.23,2,0.3,2,1292.8495493438331,70.2114506561669,16
ORD-1827,2023-04-05,Electronics,West,2804.75,4,0.3,8,1479.241902258668,484.08309774133204,77
ORD-1828,2023-01-08,Electronics,North,4043.29,2,0.1,8,2939.4474279593182,699.5135720406818,27
ORD-1829,2023-12-26,Technology,South,325.68,1,0.0,4,219.7462367522941,105.93376324770591,76
ORD-1830,2023-07-03,Office Supplies,Central,4059.59,7,0.2,1,2257.0387874096027,990.6332125903973,18
ORD-1831,2023-10-08,Electronics,Central,971.65,11,0.3,1,540.693745071678,139.46125492832198,95
ORD-1832,2023-07-14,Office Supplies,Central,2621.95,11,0.0,2,1455.9022255972918,1166.047774402708,29
ORD-1833,2023-12-18,Furniture,West,4060.55,12,0.1,9,2099.7133134322016,1554.7816865677985,81
ORD-1834,2023-07-14,Electronics,East,1343.72,8,0.2,2,908.8109597169162,166.16504028308384,89
ORD-1835,2023-06-04,Technology,East,1304.46,6,0.3,2,981.0901751211316,-67.96817512113154,35
ORD-1836,2023-04-03,Furniture,North,2073.55,4,0.1,6,1047.6600264840652,818.534973515935,58
ORD-1837,2023-06-09,Furniture,West,4483.75,14,0.1,7,2307.7923730669845,1727.5826269330155,9
ORD-1838,2023-03-02,Technology,Central,102.17,6,0.2,7,68.64098175073158,13.095018249268417,17
ORD-1839,2023-05-02,Electronics,Central,4516.78,3,0.0,9,3368.834516551404,1147.945483448596,32
ORD-1840,2023-02-20,Electronics,South,853.65,12,0.3,6,510.50119618017425,87.05380381982576,47
ORD-1841,2023-10-04,Furniture,South,4951.42,8,0.3,8,2995.03631796336,470.9576820366401,93
ORD-1842,2023-01-05,Electronics,Central,4778.75,10,0.0,11,3244.312247473815,1534.4377525261848,51
ORD-1843,2023-04-02,Office Supplies,Central,2523.91,14,0.0,6,1469.5815958967976,1054.3284041032023,75
ORD-1844,2023-06-19,Technology,West,2612.33,13,0.0,2,1327.017949886715,1285.3120501132848,42
ORD-1845,2023-11-13,Office Supplies,East,2459.59,13,0.2,1,1772.3032132512515,195.36878674874862,71
ORD-1846,2023-01-22,Electronics,South,3213.67,2,0.2,5,2210.024706716768,360.9112932832321,66
ORD-1847,2023-11-22,Furniture,East,544.54,5,0.3,9,367.14346151773054,14.034538482269426,43
ORD-1848,2023-01-01,Technology,West,259.83,1,0.2,8,187.72853617078363,20.135463829216356,41
ORD-1849,2023-05-13,Electronics,Central,382.74,6,0.1,4,268.9013552305483,75.56464476945172,90
ORD-1850,2023-08-21,Electronics,East,2277.39,2,0.3,5,1279.357074317228,314.815925682772,12
ORD-1851,2023-01-12,Furniture,Central,1450.18,4,0.2,5,878.4382893968927,281.7057106031073,85
ORD-1852,2023-12-12,Furniture,Central,3147.99,6,0.0,6,1693.0930394708685,1454.8969605291313,56
ORD-1853,2023-02-15,Office Supplies,North,4962.97,10,0.1,3,2674.8279385647625,1791.8450614352378,95
ORD-1854,2023-02-03,Technology,East,1992.98,11,0.0,5,1400.7833795720967,592.1966204279033,37
ORD-1855,2023-03-19,Technology,East,2911.82,8,0.3,2,2205.9366890541332,-167.66268905413312,85
ORD-1856,2023-08-06,Furniture,Central,2136.46,12,0.0,10,1685.2818968347906,451.17810316520945,46
ORD-1857,2023-10-28,Office Supplies,West,4251.63,8,0.2,1,2927.2648366160233,474.03916338397676,80
ORD-1858,2023-03-14,Technology,North,4520.96,11,0.2,11,2510.174415658586,1106.593584341414,31
ORD-1859,2023-10-09,Furniture,Central,4399.04,6,0.3,1,2338.9480286930993,740.3799713069006,12
ORD-1860,2023-09-06,Electronics,South,4874.42,4,0.0,10,3625.863109803461,1248.556890196539,27
ORD-1861,2023-02-16,Technology,South,234.84,8,0.3,7,158.19455127251467,6.1934487274853325,68
ORD-1862,2023-05-01,Office Supplies,North,4215.1,13,0.0,2,2889.3899576224794,1325.710042377521,97
ORD-1863,2023-08-02,Office Supplies,West,3783.68,8,0.1,4,2778.8807427938254,626.4312572061745,24
ORD-1864,2023-08-27,Office Supplies,Central,1220.6,10,0.2,5,867.8260552510691,108.65394474893083,20
ORD-1865,2023-02-25,Electronics,East,4785.97,14,0.3,7,3591.0926493265083,-240.913649326508,21
ORD-1866,2023-12-16,Technology,North,826.07,1,0.1,2,426.9659862649725,316.4970137350275,84
ORD-1867,2023-04-17,Technology,West,3429.79,4,0.1,6,2484.0466414120383,602.7643585879616,23
ORD-1868,2023-11-15,Electronics,East,1201.96,4,0.3,1,907.7872940572598,-66.41529405725981,12
ORD-1869,2023-02-17,Technology,South,2213.77,7,0.3,7,1296.9161518828828,252.72284811711722,42
ORD-1870,2023-03-02,Electronics,South,3623.88,14,0.1,9,2508.2112201836007,753.2807798163993,42
ORD-1871,2023-12-03,Electronics,East,2860.29,14,0.0,5,1699.7233828716758,1160.5666171283242,57
ORD-1872,2023-01-26,Electronics,North,2194.76,11,0.1,5,1728.1349733619095,247.1490266380907,97
ORD-1873,2023-10-19,Office Supplies,South,1699.06,7,0.3,4,866.56659649468,322.77540350532,94
ORD-1874,2023-09-14,Technology,Central,4214.33,13,0.1,3,2840.196512665161,952.7004873348387,35
ORD-1875,2023-01-08,Electronics,East,804.69,11,0.0,9,442.5401217825823,362.1498782174178,48
ORD-1876,2023-04-23,Technology,East,2207.5,8,0.2,5,1575.4178308785733,190.58216912142666,64
ORD-1877,2023-12-21,Office Supplies,South,4528.41,11,0.2,8,2503.155995500771,1119.5720044992288,80
ORD-1878,2023-09-10,Electronics,North,4244.66,5,0.1,9,2422.0665749348445,1398.1274250651554,21
ORD-1879,2023-06-29,Furniture,Central,2064.61,7,0.0,5,1338.509876057955,726.1001239420452,83
ORD-1880,2023-07-26,Office Supplies,North,3839.23,8,0.2,10,2973.2935355229542,98.09046447704577,77
ORD-1881,2023-10-30,Furniture,West,4133.49,9,0.1,9,2329.2807720389746,1390.8602279610252,43
ORD-1882,2023-05-07,Technology,West,4455.55,3,0.1,2,2420.57558782783,1589.41941217217,46
ORD-1883,2023-02-25,Technology,South,2768.08,3,0.0,9,2014.3125766155517,753.7674233844482,52
ORD-1884,2023-08-02,Office Supplies,South,1101.86,4,0.3,11,716.4137913692394,54.888208630760516,16
ORD-1885,2023-01-14,Technology,South,1351.01,5,0.1,4,1045.0542414036693,170.85475859633073,93
ORD-1886,2023-01-28,Furniture,West,1548.9,10,0.3,6,842.577386275464,241.65261372453602,22
ORD-1887,2023-03-19,Electronics,North,3009.63,1,0.3,6,2088.016189403679,18.724810596320935,83
ORD-1888,2023-08-04,Electronics,North,260.77,7,0.2,6,148.60336848260263,60.01263151739735,10
ORD-1889,2023-12-31,Electronics,South,3216.61,9,0.3,2,1759.5761487215448,492.0508512784554,47
ORD-1890,2023-06-03,Office Supplies,Central,1885.34,8,0.0,7,1329.2190440717825,556.1209559282174,39
ORD-1891,2023-01-14,Technology,North,1546.68,5,0.2,6,1048.812038376132,188.53196162386803,58
ORD-1892,2023-07-06,Furniture,West,4409.53,14,0.2,11,3203.295296741735,324.3287032582648,66
ORD-1893,2023-11-08,Technology,East,2354.01,14,0.2,1,1395.5483998740233,487.65960012597685,73
ORD-1894,2023-01-07,Technology,East,565.76,4,0.1,2,358.91333329443637,150.27066670556363,86
ORD-1895,2023-01-03,Technology,East,4151.06,12,0.1,7,2580.4711770244444,1155.482822975556,20
ORD-1896,2023-04-21,Electronics,Central,333.44,7,0.3,1,265.16043725949834,-31.752437259498336,12
ORD-1897,2023-08-26,Furniture,South,3661.07,5,0.2,1,2151.5181664149613,777.3378335850388,93
ORD-1898,2023-12-29,Furniture,West,3892.14,7,0.2,1,2290.3109898176954,823.4010101823045,94
ORD-1899,2023-08-27,Technology,Central,1827.75,12,0.0,8,1108.2826466059462,719.4673533940538,90
ORD-1900,2023-10-01,Electronics,West,4141.46,1,0.3,4,2772.2031411701846,126.81885882981555,35
ORD-1901,2023-10-21,Electronics,West,2626.73,1,0.0,4,1512.2001166119721,1114.5298833880279,14
ORD-1902,2023-08-15,Furniture,South,2370.14,10,0.3,2,1835.8795897871598,-176.78158978715987,60
ORD-1903,2023-01-15,Electronics,East,322.48,14,0.3,11,186.9434842874218,38.79251571257822,80
ORD-1904,2023-07-11,Electronics,South,1521.14,13,0.1,11,1169.3683425716424,199.65765742835768,96
ORD-1905,2023-04-29,Electronics,Central,4661.95,3,0.1,11,2475.6936718901584,1720.0613281098415,74
ORD-1906,2023-01-28,Office Supplies,Central,2019.94,14,0.0,1,1407.8351795255462,612.1048204744538,24
ORD-1907,2023-07-21,Technology,Central,2778.83,11,0.3,10,2145.522570460523,-200.34157046052326,9
ORD-1908,2023-02-08,Furniture,South,2706.91,2,0.2,9,1490.4918626883652,675.0361373116347,27
ORD-1909,2023-09-30,Furniture,West,2993.11,2,0.1,7,2366.0477322628044,327.7512677371957,13
ORD-1910,2023-08-19,Office Supplies,West,400.52,7,0.2,4,254.67665305408622,65.73934694591377,62
ORD-1911,2023-03-27,Technology,North,1874.66,12,0.0,6,1469.1982855570154,405.46171444298466,63
ORD-1912,2023-05-06,Furniture,Central,3643.33,10,0.1,2,2561.428630867598,717.568369132402,97
ORD-1913,2023-10-27,Electronics,West,1082.75,2,0.1,7,639.3379550066765,335.13704499332357,84
ORD-1914,2023-01-25,Furniture,North,1097.53,11,0.3,2,610.7653010516815,157.50569894831852,58
ORD-1915,2023-05-25,Electronics,West,149.44,4,0.0,10,88.33704959236366,61.10295040763634,50
ORD-1916,2023-01-13,Office Supplies,Central,2243.66,2,0.3,8,1184.4398321398878,386.1221678601121,26
ORD-1917,2023-07-31,Electronics,East,4425.4,6,0.1,8,2403.7019894767313,1579.1580105232683,68
ORD-1918,2023-01-25,Furniture,Central,354.31,8,0.0,1,188.27967218574852,166.03032781425148,12
ORD-1919,2023-03-09,Furniture,South,1036.48,10,0.1,8,649.751757265175,283.080242734825,24
ORD-1920,2023-03-08,Furniture,West,1619.41,4,0.0,2,1196.2152734885894,423.19472651141064,55
ORD-1921,2023-08-21,Office Supplies,West,3685.45,5,0.1,6,1999.0436059659833,1317.8613940340165,82
ORD-1922,2023-04-19,Office Supplies,South,3239.11,4,0.2,1,1746.1916654878535,845.0963345121465,43
ORD-1923,2023-05-26,Technology,South,2138.13,3,0.2,5,1481.785421949447,228.71857805055305,41
ORD-1924,2023-04-21,Furniture,East,3819.44,5,0.3,11,2135.6585705944335,537.9494294055667,54
ORD-1925,2023-08-16,Electronics,West,3087.19,14,0.2,7,1633.9972200649095,835.7547799350905,38
ORD-1926,2023-04-21,Office Supplies,West,4490.6,9,0.1,10,2470.0750675869904,1571.46493241301,79
ORD-1927,2023-02-03,Furniture,East,4108.33,8,0.1,1,3192.6630216867306,504.83397831326926,37
ORD-1928,2023-04-21,Furniture,North,1338.79,8,0.2,2,999.328249551271,71.70375044872895,35
ORD-1929,2023-09-21,Office Supplies,East,1430.05,8,0.3,7,866.9240082187707,134.11099178122925,58
ORD-1930,2023-08-24,Technology,Central,714.25,12,0.2,6,497.65099491907716,73.74900508092284,48
ORD-1931,2023-03-24,Office Supplies,West,1751.13,8,0.0,3,1157.8168651290935,593.3131348709067,38
ORD-1932,2023-02-11,Office Supplies,South,4997.77,7,0.0,10,3514.1183990915765,1483.651600908424,75
ORD-1933,2023-04-11,Electronics,Central,2088.18,8,0.0,2,1471.7520741449052,616.4279258550946,66
ORD-1934,2023-01-06,Electronics,West,1180.39,11,0.2,10,812.8404032109996,131.47159678900044,27
ORD-1935,2023-06-29,Technology,East,3836.17,14,0.2,4,2224.32802608253,844.6079739174701,50
ORD-1936,2023-10-09,Furniture,Central,2758.11,8,0.2,3,1411.330199751041,795.1578002489591,60
ORD-1937,2023-11-16,Office Supplies,West,833.05,13,0.0,7,530.377972321058,302.67202767894196,11
ORD-1938,2023-08-14,Technology,North,1965.38,14,0.3,8,1508.0206760480246,-132.25467604802452,93
ORD-1939,2023-11-11,Electronics,North,2130.9,8,0.1,2,1429.5125124531703,488.29748754682976,65
ORD-1940,2023-12-31,Office Supplies,South,3793.77,12,0.2,10,2844.2550486832342,190.76095131676573,7
ORD-1941,2023-08-17,Furniture,West,201.29,10,0.3,7,160.52621919839967,-19.623219198399674,42
ORD-1942,2023-10-16,Electronics,North,1418.2,7,0.1,8,778.7121502126711,497.6678497873289,88
ORD-1943,2023-05-30,Electronics,East,2636.22,12,0.1,6,1865.213414357663,507.38458564233684,38
ORD-1944,2023-10-04,Electronics,West,1417.35,1,0.1,6,995.387999005119,280.2270009948809,48
ORD-1945,2023-07-17,Technology,East,3179.33,4,0.3,10,2524.3455257348783,-298.8145257348783,34
ORD-1946,2023-03-11,Furniture,East,2461.15,13,0.3,1,1958.2883739103806,-235.48337391038058,21
ORD-1947,2023-04-22,Office Supplies,North,1872.38,13,0.0,4,1321.9069897060078,550.4730102939923,63
ORD-1948,2023-01-04,Technology,West,4751.12,4,0.3,1,2722.792933144733,602.9910668552668,14
ORD-1949,2023-12-16,Technology,Central,3197.58,5,0.3,4,2364.8238530668923,-126.51785306689226,88
ORD-1950,2023-11-27,Technology,North,736.71,10,0.3,2,392.0098300393842,123.68716996061582,22
ORD-1951,2023-11-14,Electronics,North,2844.45,6,0.1,11,2088.4230407252967,471.58195927470314,49
ORD-1952,2023-12-16,Furniture,West,3925.59,4,0.2,5,3034.712040894354,105.75995910564632,95
ORD-1953,2023-04-05,Technology,West,3571.6,2,0.0,10,2195.998325826483,1375.601674173517,63
ORD-1954,2023-06-01,Office Supplies,East,943.24,6,0.2,9,650.0721306919523,104.51986930804765,66
ORD-1955,2023-11-07,Furniture,West,4864.86,8,0.2,11,3060.2052515005694,831.6827484994303,63
ORD-1956,2023-05-17,Office Supplies,East,2299.19,8,0.3,10,1451.5465110334464,157.88648896655366,53
ORD-1957,2023-09-04,Furniture,North,879.22,7,0.0,3,521.4752879364925,357.74471206350756,67
ORD-1958,2023-08-31,Office Supplies,South,982.96,6,0.2,8,716.2228795153554,70.1451204846446,91
ORD-1959,2023-01-31,Electronics,Central,581.35,2,0.2,3,453.9488736734594,11.131126326540624,36
ORD-1960,2023-02-09,Technology,North,4037.24,7,0.0,6,3158.0310996807207,879.2089003192791,14
ORD-1961,2023-08-17,Office Supplies,West,697.95,11,0.3,4,385.571579333538,102.99342066646201,15
ORD-1962,2023-02-05,Furniture,Central,713.11,12,0.2,8,543.6915332019782,26.796466798021754,74
ORD-1963,2023-08-11,Technology,South,4267.31,14,0.1,11,3077.709569294912,762.8694307050885,66
ORD-1964,2023-01-06,Technology,South,1788.56,14,0.2,6,1029.9444584135872,400.90354158641276,51
ORD-1965,2023-11-18,Furniture,East,251.2,5,0.1,8,130.67056842976535,95.40943157023463,38
ORD-1966,2023-08-08,Office Supplies,Central,354.29,6,0.3,1,205.6296255053399,42.37337449466011,21
ORD-1967,2023-03-16,Electronics,East,796.64,10,0.2,6,616.3304709248904,20.98152907510959,58
ORD-1968,2023-01-04,Electronics,North,1145.63,8,0.0,1,790.4315455962532,355.19845440374695,80
ORD-1969,2023-12-01,Office Supplies,Central,3359.22,14,0.0,1,2406.2643713944044,952.9556286055954,89
ORD-1970,2023-05-14,Technology,North,870.9,8,0.2,8,502.6361947742735,194.08380522572645,44
ORD-1971,2023-04-28,Technology,East,682.48,3,0.3,7,488.53040852501107,-10.79440852501105,23
ORD-1972,2023-04-04,Technology,Central,3847.12,12,0.3,3,1956.0160427695778,736.9679572304221,71
ORD-1973,2023-03-03,Technology,East,3388.17,12,0.0,6,2075.5807572323256,1312.5892427676745,86
ORD-1974,2023-07-13,Office Supplies,Central,2233.09,14,0.2,9,1536.4239905289185,250.04800947108163,57
ORD-1975,2023-12-01,Technology,East,2791.62,7,0.3,7,1518.163828288938,435.9701717110619,68
ORD-1976,2023-07-22,Furniture,South,1628.72,1,0.0,3,1216.4927145319634,412.2272854680366,87
ORD-1977,2023-01-26,Technology,East,2464.25,1,0.1,6,1405.877763429181,811.9472365708191,51
ORD-1978,2023-06-22,Electronics,South,2582.7,7,0.2,11,1796.7439290228601,269.4160709771397,10
ORD-1979,2023-10-27,Technology,East,1997.46,10,0.1,4,1241.5395253225554,556.1744746774447,20
ORD-1980,2023-05-13,Office Supplies,Central,4542.2,9,0.1,3,3083.3047658135706,1004.6752341864292,76
ORD-1981,2023-11-22,Electronics,Central,178.7,7,0.3,9,95.11042412643576,29.979575873564237,22
ORD-1982,2023-04-28,Office Supplies,Central,3932.64,10,0.3,10,1986.273586045113,766.574413954887,56
ORD-1983,2023-11-20,Office Supplies,West,709.48,5,0.3,2,548.3353309813328,-51.69933098133282,52
ORD-1984,2023-10-02,Electronics,North,4007.98,8,0.2,1,2328.191504761608,878.192495238392,47
ORD-1985,2023-07-31,Office Supplies,Central,3117.97,2,0.1,2,2325.7034913078164,480.46950869218335,43
ORD-1986,2023-08-13,Office Supplies,South,4232.06,9,0.2,7,3384.8231297849143,0.8248702150859799,53
ORD-1987,2023-01-20,Technology,Central,577.82,6,0.3,10,325.5607628490793,78.91323715092074,16
ORD-1988,2023-04-23,Furniture,West,2839.01,13,0.1,1,1645.3517157780875,909.7572842219126,14
ORD-1989,2023-05-20,Office Supplies,South,2555.33,9,0.2,6,1785.8126503409471,258.45134965905277,75
ORD-1990,2023-02-16,Office Supplies,West,3560.35,2,0.2,7,2811.375513860097,36.90448613990304,59
ORD-1991,2023-01-01,Office Supplies,South,2718.02,3,0.0,9,2105.770514400822,612.2494855991781,5
ORD-1992,2023-03-31,Technology,East,2749.6,12,0.2,8,1789.6119589916998,410.06804100830016,53
ORD-1993,2023-05-22,Furniture,North,2205.02,8,0.3,6,1628.4802225531234,-84.96622255312343,40
ORD-1994,2023-11-16,Electronics,North,1613.29,1,0.2,3,872.3442282042619,418.2877717957381,25
ORD-1995,2023-02-07,Technology,West,2463.1,10,0.1,8,1953.8083974538708,262.98160254612907,41
ORD-1996,2023-10-20,Technology,North,680.61,7,0.2,7,537.2095363851699,7.278463614830059,28
ORD-1997,2023-05-19,Furniture,West,4811.42,7,0.0,3,2642.0406347557,2169.3793652443,59
ORD-1998,2023-12-22,Furniture,West,3600.61,13,0.1,9,2123.7367692191942,1116.8122307808057,29
ORD-1999,2023-11-29,Technology,West,4767.09,1,0.1,2,2526.77936611936,1763.60163388064,11
